id,title,all_authors,author_gender,translation,publisher,publication_date,subset,award,category,orthography
aug002,En obeskrivlig människa,Kerstin Strandberg,F,no,Albert Bonniers,2004,august,August,PRESTIGE,quot
aug006,I min ungdom speglade jag mig ofta,Per Gunnar Evander,M,no,Albert Bonniers,2005,august,August,PRESTIGE,dash
aug011,Har någon sett mig någon annanstans? Skärvor ur en ganska lång natt,Beate Grimsrud,F,no,Albert Bonniers,2007,august,August,PRESTIGE,dash
aug012,Stundande natten,Carl-Henning Wijkmark,M,no,Norstedts,2007,august,August,PRESTIGE,quot
aug013,Världens sista,Daniel Sjölin,M,no,Norstedts,2007,august,August,PRESTIGE,quot
aug016,Edelcrantz förbindelser,Malte Persson,M,no,Albert Bonniers,2008,august,August,PRESTIGE,dash
aug017,Ett annat liv,Per Olov Enquist,M,no,Norstedts,2008,august,August,PRESTIGE,quot
aug019,Den siste greken,Aris Fioretos,M,no,Norstedts,2009,august,August,PRESTIGE,quot
aug020,En liten historia,Eva Adolfsson,F,no,Albert Bonniers,2009,august,August,PRESTIGE,quot
aug022,Ränderna,Magnus Florin,M,no,Albert Bonniers,2010,august,August,PRESTIGE,dash
aug023,Kioskvridning 140 grader. En wästern,Peter Törnqvist,M,no,Norstedts,2010,august,August,PRESTIGE,dash
aug024,Darling River. Doloresvariationer,Sara Stridsberg,F,no,Albert Bonniers,2010,august,August,PRESTIGE,quot
aug026,Välkommen till den här världen:,Amanda Svensson,F,no,Norstedts,2011,august,August,PRESTIGE,quot
aug027,Rekviem för John Cummings,Bengt Ohlsson,M,no,Albert Bonniers,2011,august,August,PRESTIGE,dash
aug029,Lacrimosa,Eva-Marie Liffner,F,no,Natur och Kultur,2011,august,August,PRESTIGE,quot
aug030,Korparna,Tomas Bannerhed,M,no,Weyler,2011,august,August,PRESTIGE,dash
aug031,Springa med åror,Cilla Naumann,F,no,Albert Bonniers,2012,august,August,PRESTIGE,quot
aug032,Ett kort uppehåll på vägen från Auschwitz,Göran Rosenberg,M,no,Albert Bonniers,2012,august,August,PRESTIGE,quot
aug033,En storm kom från paradiset,Johannes Anyuru,M,no,Norstedts,2012,august,August,PRESTIGE,quot
aug037,Liknelseboken. En kärleksroman,Per Olov Enquist,M,no,Norstedts,2013,august,August,PRESTIGE,dash
aug038,Porslinsfasaderna,Sven Olov Karlsson,M,no,Natur och Kultur,2013,august,August,PRESTIGE,dash
aug039,Alkemistens dotter. Slutet på universum,Carl-Michael Edenborg,M,no,Natur och Kultur,2014,august,August,PRESTIGE,dash
aug041,Ett så starkt ljus,Lyra Ekström Lindbäck,F,no,Modernista,2014,august,August,PRESTIGE,quot
aug042,Beckomberga. Ode till min familj,Sara Stridsberg,F,no,Albert Bonniers,2014,august,August,PRESTIGE,quot
aug045,Mary,Aris Fioretos,M,no,Norstedts,2015,august,August,PRESTIGE,quot
aug046,Masja,Carola Hansson,F,no,Albert Bonniers,2015,august,August,PRESTIGE,quot
aug047,Rörelsen. Den andra platsen,John Ajvide Lindqvist,M,no,Ordfront,2015,august,August,PRESTIGE,quot
aug049,Bli som folk,Stina Stoor,F,no,Norstedts,2015,august,August,PRESTIGE,dash
aug051,De polyglotta älskarna,Lina Wolff,F,no,Albert Bonniers,2016,august,August,PRESTIGE,dash
aug053,Aftonland,Therese Bohman,F,no,Norstedts,2016,august,August,PRESTIGE,quot
aug054,Just nu är jag här,Isabelle Ståhl,F,no,Natur och Kultur,2017,august,August,PRESTIGE,quot
aug056,Hastigheten,Jörgen Gassilewski,M,no,Albert Bonniers,2017,august,August,PRESTIGE,dash
aug057,I en skog av sumak,Klas Östergren,M,no,Natur och Kultur,2017,august,August,PRESTIGE,quot
aug058,Sidonie & Nathalie. Från Limhamn till Lofoten,Sigrid Combüchen,F,no,Norstedts,2017,august,August,PRESTIGE,quot
aug059,Socialdemokratiska noveller,Björn Runeborg,M,no,Modernista,2018,august,August,PRESTIGE,dash
aug060,Människan är den vackraste staden,Sami Said,M,no,Natur och Kultur,2018,august,August,PRESTIGE,quot
aug061,Väderfenomen,Anna Fock,F,no,Natur & Kultur,2019,august,August,PRESTIGE,quot
aug062,Odenplan,Daniel Gustafsson,M,no,Nirstedt/litteratur,2019,august,August,PRESTIGE,dash
aug065,Splendor,Stefan Lindberg,M,no,Albert Bonniers,2020,august,August,PRESTIGE,quot
bstream_001,Alla kan se dig,Anna Jansson,F,no,Norstedts,2015-03-19,beststreamer,,CRIME,quot
bstream_002,"Falleri, fallera, falleralla",Carin Gerhardsen,F,no,Norstedts,2015-05-21,beststreamer,,CRIME,dash
bstream_003,Hämnaren,"Dag Öhrlund, Dan Buthler",M,no,Lind & Co,2015-04-15,beststreamer,,CRIME,quot
bstream_004,Vita spår,Emelie Schepp,F,no,Bonnier Audio,2015-05-19,beststreamer,,CRIME,dash
bstream_005,Dominodöden,Jonas Moström,M,no,Lind & Co,2015-07-20,beststreamer,,CRIME,quot
bstream_006,Den gränslöse,Jussi Adler-Olsen,M,transl,Bonnier Audio,2015-05-04,beststreamer,,CRIME,quot
bstream_007,Skymningsflickan,Katarina Wennstam,F,no,Bonnier Audio,2015-07-31,beststreamer,,CRIME,quot
bstream_008,En mörkare himmel : Gran Canaria,"Mari Jungstedt, Ruben Eliassen",2,no,Bonnier Audio,2014-12-30,beststreamer,,CRIME,dash
bstream_009,I sanningens namn,Viveca Sten,F,no,Bonnier Audio,2015-11-04,beststreamer,,CRIME,quot
bstream_010,Rädslans fångar : Ett nytt fall för Maria Wern,Anna Jansson,F,no,Norstedts,2016-03-10,beststreamer,,CRIME,quot
bstream_011,Kärlek sökes,Carin Hjulström,F,no,Bonnier Audio,2016-04-13,beststreamer,,ROMANCE,dash
bstream_012,Där inga ögon ser,Dag Öhrlund,M,no,Lind & Co,2016-05-23,beststreamer,,CRIME,quot
bstream_013,Motvind,"Dag Öhrlund, Dan Buthler",M,no,Lind & Co,2015-12-23,beststreamer,,CRIME,quot
bstream_014,På sex meters djup,Denise Rudberg,F,no,Bonnier Audio,2016-10-19,beststreamer,,CRIME,dash
bstream_015,Prio ett,Emelie Schepp,F,no,Bonnier Audio,2016-05-16,beststreamer,,CRIME,dash
bstream_017,Mordbrännaren,"Anders Gustafson, Johan Kant",M,no,Bokfabriken,2016-03-24,beststreamer,,CRIME,dash
bstream_018,Midnattsflickor,Jonas Moström,M,no,Lind & Co,2016-07-04,beststreamer,,CRIME,quot
bstream_019,När livet börjar om,Lucy Dillon,F,transl,Bonnier Audio,2016-01-27,beststreamer,,ROMANCE,quot
bstream_020,Välkommen hem,Ninni Schulman,F,no,Bonnier Audio,2016-08-17,beststreamer,,CRIME,quot
bstream_021,Sov du lilla videung,"Cilla Börjlind, Rolf Börjlind",2,no,Norstedts,2016-08-11,beststreamer,,CRIME,dash
bstream_022,Den hemliga kvinnan,Anna Ekberg,F,no,Norstedts,2017-03-30,beststreamer,,CRIME,dash
bstream_023,Det du inte vet,Anna Jansson,F,no,Norstedts,2017-03-09,beststreamer,,CRIME,quot
bstream_024,Tryggare kan ingen vara,Dag Öhrlund,M,no,Lind & Co,2016-12-23,beststreamer,,CRIME,quot
bstream_025,Uppståndelsen,"Dag Öhrlund, Dan Buthler",M,no,Lind & Co,2017-05-29,beststreamer,,CRIME,quot
bstream_026,De sju som såg,Denise Rudberg,F,no,Bonnier Audio,2017-10-11,beststreamer,,CRIME,dash
bstream_027,Trogen intill döden,Jonas Moström,M,no,Lind & Co,2017-07-06,beststreamer,,CRIME,quot
bstream_028,Prästens lilla flicka,Susan Casserfelt,F,no,Word Audio Publishing,2016-12-21,beststreamer,,CRIME,quot
bstream_029,Den tatuerade cirkeln,Susan Casserfelt,F,no,Word Audio Publishing,2017-02-24,beststreamer,,CRIME,quot
bstream_030,Kvinnan på bänken,Anna Jansson,F,no,Norstedts,2018-03-08,beststreamer,,CRIME,quot
bstream_031,Bakom stängda dörrar,B.A. Paris,F,transl,Jentas SE,2017-12-15,beststreamer,,CRIME,quot
bstream_033,5:e Moseboken,Christina Larsson,F,no,Word Audio Publishing,2018-01-16,beststreamer,,CRIME,quot
bstream_034,Nådastöten,Christina Larsson,F,no,Word Audio Publishing,2018-02-16,beststreamer,,CRIME,quot
bstream_035,Se till mig som liten är,Dag Öhrlund,M,no,Lind & Co,2018-01-15,beststreamer,,CRIME,quot
bstream_036,Domaren,Dag Öhrlund,M,no,Lind & Co,2018-08-20,beststreamer,,CRIME,quot
bstream_037,Hämndens pris,Erik Lewin,M,no,Bokförlaget NoNa,2018-06-07,beststreamer,,CRIME,quot
bstream_038,Änglabarnet,"Anders Gustafson, Johan Kant",M,no,Bokfabriken,2018-02-12,beststreamer,,CRIME,quot
bstream_039,Skuggorna ruva,Jonas Moström,M,no,Lind & Co,2018-09-17,beststreamer,,CRIME,quot
bstream_040,Ondskans ansikte,Mats Ahlstedt,M,no,Bokfabriken,2018-03-16,beststreamer,,CRIME,dash
bstream_042,Mitt hjärta är ditt,Anna Jansson,F,no,Norstedts,2019-03-10,beststreamer,,CRIME,quot
bstream_043,Dotter saknad,Anna Jansson,F,no,Norstedts,2019-09-05,beststreamer,,CRIME,quot
bstream_044,Ingen lämnas kvar,Dag Öhrlund,M,no,Lind & Co,2019-05-31,beststreamer,,CRIME,quot
bstream_045,Under nio nätter,Denise Rudberg,F,no,Bonnier Audio,2019-10-09,beststreamer,,CRIME,dash
bstream_046,Snödrev,Helene Tursten,F,no,Storyside,2018-12-20,beststreamer,,CRIME,dash
bstream_047,Offer 2117,Jussi Adler-Olsen,M,transl,Bonnier Audio,2019-11-05,beststreamer,,CRIME,quot
bstream_048,Sista färjan från Ystad,Karin Alfredsson,F,no,Bokfabriken,2019-04-14,beststreamer,,CRIME,dash
bstream_049,Trojanen,Mats Ahlstedt,M,no,Bokfabriken,2019-03-09,beststreamer,,CRIME,dash
bstream_050,Morden på Mörkö,Samuel Karlsson,M,no,Lind & Co,2019-01-15,beststreamer,,CRIME,quot
bstream_052,När regnen upphör,Dag Öhrlund,M,no,Lind & Co,2020-11-04,beststreamer,,CRIME,quot
bstream_053,Dödslistan,Anna Jansson,F,no,Norstedts,2020-03-05,beststreamer,,CRIME,quot
bstream_055,Fruset guld,"Cilla Börjlind, Rolf Börjlind",2,no,Norstedts,2020-07-09,beststreamer,,CRIME,dash
bstream_059,Offermakaren,Viveca Sten,F,no,Bonnier Audio,2020-10-14,beststreamer,,CRIME,quot
bstream_060,De sju systrarna,Lucinda Riley,F,transl,BZR Publishing AB,2019-10-14,beststreamer,,ROMANCE,quot
bstream_062,Ödesmark,Stina Jackson,F,no,Bonnier Audio,2020-04-09,beststreamer,,CRIME,dash
bstream_063,Tio grisar nere,Denise Rudberg,F,no,Stockholm Text,2020-10-12,beststreamer,,CRIME,dash
bstream_064,Sovsågott,Anders Roslund,M,no,Bonnier Audio,2020-06-15,beststreamer,,CRIME,dash
bstream_065,Skuggan bakom dig,Anna Jansson,F,no,Norstedts,2020-08-13,beststreamer,,CRIME,quot
orig_001,1986 - S1,Jesper Ersgård,M,no,Storytel Original,2018-08-21,original,,CRIME,dash
orig_002,1986 - S2,Jesper Ersgård,M,no,Storytel Original,2019-06-19,original,,CRIME,dash
orig_003,1986 - S3,Jesper Ersgård,M,no,Storytel Original,2020-06-24,original,,CRIME,dash
orig_004,42 kilo kärlek,Felicia Welander,F,no,Storytel Original,2020-04-15,original,,ROMANCE,quot
orig_005,Akademin,Eva Maria Fredensborg,F,no,Storytel Original,2019-03-20,original,,CRIME,quot
orig_006,Akademin 2 - Pojken som försvann,Eva Maria Fredensborg,F,no,Storytel Original,2020-08-26,original,,CRIME,quot
orig_008,Änkornas begravningsbyrå,Johanna Nilsson,F,no,Storytel Original,2020-07-16,original,,OTHER,quot
orig_009,Annars tar jag dig - S1,C S Duffy,F,transl,Storytel Original,2019-02-25,original,,CRIME,quot
orig_010,Av jord är du kommen,Marko Kilpi,M,transl,Storytel Original,2018-06-19,original,,CRIME,dash
orig_011,Bergtagen - S1,"Linda Skugge, Sigrid Tollgård",F,no,Storytel Original,2017-10-31,original,,CRIME,dash
orig_012,"Blod, tvätt & dårar - S1",Max Landergård,M,no,Storytel Original,2016-12-27,original,,OTHER,quot
orig_013,Blodet ropar - S1,Edmond Alonso,M,no,Storytel Original,2016-11-22,original,,CRIME,quot
orig_014,Byvalla - S1,Karin Janson,F,no,Storytel Original,2016-07-26,original,,ROMANCE,quot
orig_015,Byvalla - S2,Karin Janson,F,no,Storytel Original,2017-05-10,original,,ROMANCE,quot
orig_016,Byvalla - S3,Karin Janson,F,no,Storytel Original,2018-02-27,original,,ROMANCE,quot
orig_017,Centralgången - Del 1,"Felicia Welander, Gunnar Svensén, Karin Janson, Magnus Abrahamsson, Storytel Writers' Room",2,no,Storytel Original,2018-12-01,original,,ROMANCE,quot
orig_018,Dalagatan 14 - S1,"Karina Berg Johansson, Magnus Nordin",2,no,Storytel Original,2017-12-01,original,,CRIME,quot
orig_019,De herrelösa hundarna - S1,Fredrik Hardenborg,M,no,Storytel Original,2017-03-20,original,,CRIME,quot
orig_020,De själlösa - S1,Helene Holmström,F,no,Storytel Original,2017-07-04,original,,CRIME,quot
orig_021,Deadline - S1,Carl V Andersson,M,no,Storytel Original,2017-02-21,original,,CRIME,quot
orig_026,Dolt nummer - S1,Niklas Lindroth,M,no,Storytel Original,2019-08-01,original,,CRIME,quot
orig_027,Drömmen om Tom,Sara Dalengren,F,no,Storytel Original,2020-07-01,original,,ROMANCE,quot
orig_028,Ellen Holms - privatdetektiv - S1,Nicolet Steemers,F,transl,Storytel Original,2018-01-09,original,,CRIME,quot
orig_029,En andra chans - S1,Martyn van Beek,M,transl,Storytel Original,2017-07-11,original,,CRIME,quot
orig_030,En annan strand,Klas Lundström,M,no,Storytel Original,2017-08-28,original,,ROMANCE,dash
orig_031,En ohelig allians - S1,Maria Vickberg,F,no,Storytel Original,2017-09-26,original,,CRIME,quot
orig_032,Evas första vecka som död - S1,Anders Fager,M,no,Storytel Original,2017-04-11,original,,OTHER,quot
orig_033,Fader Malakis ögon - S01,Marko Hautala,M,transl,Storytel Original,2018-12-25,original,,CRIME,quot
orig_034,Förändringarnas vindar - Del 1,Veronica Almer,F,no,Storytel Original,2020-06-22,original,,ROMANCE,quot
orig_035,Gäddsimmerskan - S1,Cecilia Klang,F,no,Storytel Original,2018-07-03,original,,ROMANCE,quot
orig_036,Gäddsimmerskan och bryggmästarens kärlek - S2E1,Cecilia Klang,F,no,Storytel Original,2020-01-03,original,,ROMANCE,quot
orig_037,Graffitimorden,Christian Holmqvist,M,no,Storytel Original,2016-09-20,original,,CRIME,quot
orig_038,Gustav III checkar in - S1,Christian Holmqvist,M,no,Storytel Original,2016-06-14,original,,OTHER,quot
orig_039,Gustav III checkar in - S2,Christian Holmqvist,M,no,Storytel Original,2017-10-17,original,,OTHER,quot
orig_040,Gustav III checkar in – julspecial,Christian Holmqvist,M,no,Storytel Original,2016-12-20,original,,OTHER,quot
orig_041,Ha ett underbart år,Tove Meyer,F,no,Storytel Original,2020-06-09,original,,ROMANCE,quot
orig_042,Härifrån till dig,Albert Lindemalm,M,no,Storytel Original,2017-05-25,original,,ROMANCE,quot
orig_043,I krig och kärlek,"Caroline Grimwalker, Leffe Grimwalker",2,no,Storytel Original,2016-09-27,original,,ROMANCE,quot
orig_044,Jordbunden - S1,Erik Thulin,M,no,Storytel Original,2016-11-01,original,,CRIME,dash
orig_045,Jordbunden - S2,Erik Thulin,M,no,Storytel Original,2017-09-05,original,,CRIME,quot
orig_046,Jordbunden - S3,Erik Thulin,M,no,Storytel Original,2019-06-07,original,,CRIME,quot
orig_047,Jul i Byvalla,Karin Janson,F,no,Storytel Original,2016-12-20,original,,ROMANCE,quot
orig_048,Jul på Huvudkontoret,Gunnar Svensén,M,no,Storytel Original,2019-12-01,original,,ROMANCE,quot
orig_049,Jungfruresan - S1,Joel Arvidsson,M,no,Storytel Original,2018-10-02,original,,OTHER,quot
orig_050,Kalla fötter - S1,Karin Janson,F,no,Storytel Original,2019-07-17,original,,ROMANCE,quot
orig_051,Kämpa tjejer! - S1,Jenny Gromark Wennberg,F,no,Storytel Original,2018-10-09,original,,ROMANCE,quot
orig_052,Kropparna i Timmerdalen - S1,Gustaf Gustafsson,M,no,Storytel Original,2017-04-28,original,,OTHER,quot
orig_053,Lillforsa Ladies,Karin Janson,F,no,Storytel Original,2020-12-01,original,,ROMANCE,quot
orig_054,Majken Linds mordmysterier - S1,"Boel Bermann, Olle Söderström",2,no,Storytel Original,2018-03-19,original,,CRIME,quot
orig_055,Maskeradstaden,Maria Monciu,F,no,Storytel Original,2016-08-02,original,,OTHER,quot
orig_056,Mördarens syster,Emma Andersson,F,no,Storytel Original,2019-04-23,original,,CRIME,quot
orig_057,Mörkermannen,Anna Bågstam,F,no,Storytel Original,2021-01-11,original,,CRIME,quot
orig_058,Mörkt arv - S1,Arianna Bommarco,F,no,Storytel Original,2017-11-28,original,,CRIME,quot
orig_059,Nära gränsen – Gisslan,Daniel Åberg,M,no,Storytel Original,2019-07-30,original,,CRIME,quot
orig_060,Nära gränsen – Hotet,Daniel Åberg,M,no,Storytel Original,2020-11-25,original,,CRIME,quot
orig_061,Nina i Granbergsbyn - S1,Anna Holmström Degerman,F,no,Storytel Original,2018-11-06,original,,ROMANCE,quot
orig_062,Nina i Granbergsbyn - S2,Anna Holmström Degerman,F,no,Storytel Original,2019-11-13,original,,ROMANCE,quot
orig_063,Ögonvittnet,Anna Bågstam,F,no,Storytel Original,2018-05-15,original,,CRIME,quot
orig_064,Önskebrunnen - S1,"Felicia Welander, Peo Bengtsson",2,no,Storytel Original,2017-09-19,original,,CRIME,quot
orig_065,Panopticon,JC Koldemo,F,no,Storytel Original,2020-09-02,original,,OTHER,quot
orig_067,Ryggdjur,Hanna von Corswant,F,no,Storytel Original,2016-11-08,original,,CRIME,quot
orig_068,Saknad - S1,Lone Theils,F,transl,Storytel Original,2019-09-16,original,,CRIME,quot
orig_069,Samtal pågår,"Henrik Karlsson, Tiina Nevala",2,no,Storytel Original,2016-10-11,original,,ROMANCE,quot
orig_070,Sekten - S1,Maria Nordström,F,no,Storytel Original,2019-03-27,original,,CRIME,quot
orig_071,Semesterkaos på Huvudkontoret,Gunnar Svensén,M,no,Storytel Original,2019-07-09,original,,ROMANCE,quot
orig_072,Skuggspelet,Anna Bågstam,F,no,Storytel Original,2019-10-07,original,,CRIME,quot
orig_073,Slutspel,Nina Hampusson,F,no,Storytel Original,2020-10-16,original,,OTHER,quot
orig_074,Sofia Tholls kabinett - S1,Elisabeth Östnäs,F,no,Storytel Original,2017-06-13,original,,CRIME,quot
orig_075,Stackars Birger - S1,Martina Montelius,F,no,Storytel Original,2018-09-18,original,,OTHER,quot
orig_076,Stockholm Psycho,Anna Bågstam,F,no,Storytel Original,2016-10-25,original,,CRIME,quot
orig_077,Storm,Karina Berg Johansson,F,no,Storytel Original,2020-07-22,original,,CRIME,quot
orig_078,Summer Karlsson - S1,Johanna Nilsson,F,no,Storytel Original,2017-03-07,original,,ROMANCE,quot
orig_079,Summer Karlsson - S2,Johanna Nilsson,F,no,Storytel Original,2017-10-24,original,,ROMANCE,quot
orig_080,Summer Karlsson - S3,Johanna Nilsson,F,no,Storytel Original,2018-09-25,original,,ROMANCE,quot
orig_081,Svart stjärna - S1,"Jesper Ersgård, Joakim Ersgård",M,no,Storytel Original,2016-07-05,original,,OTHER,dash
orig_082,Svart stjärna - S2,"Jesper Ersgård, Joakim Ersgård",M,no,Storytel Original,2016-12-13,original,,OTHER,dash
orig_083,Svart stjärna - S3,"Jesper Ersgård, Joakim Ersgård",M,no,Storytel Original,2017-07-18,original,,OTHER,dash
orig_085,Tick Tack - S1,Leffe Grimwalker,M,no,Storytel Original,2016-08-16,original,,CRIME,quot
orig_086,Tick Tack - S2,Leffe Grimwalker,M,no,Storytel Original,2017-03-28,original,,CRIME,quot
orig_087,Tick Tack - S3,Leffe Grimwalker,M,no,Storytel Original,2018-07-17,original,,CRIME,quot
orig_088,Tio platser du måste besöka efter min död,Karin Wallén,F,no,Storytel Original,2017-08-15,original,,ROMANCE,quot
orig_089,Utpost,Dmitry Glukhovsky,M,transl,Storytel Original,2019-09-25,original,,OTHER,quot
orig_091,Vargland - S1,Björn Olofsson,M,no,Storytel Original,2016-06-21,original,,CRIME,quot
orig_092,Vargland - S2,Björn Olofsson,M,no,Storytel Original,2017-08-08,original,,CRIME,quot
orig_093,Vespers vidunderliga äventyr,Ida Kjellin,F,no,Storytel Original,2016-11-15,original,,OTHER,quot
orig_094,Victoria Bonde - Jakten,Leffe Grimwalker,M,no,Storytel Original,2020-08-12,original,,CRIME,quot
orig_095,Virus:1,Daniel Åberg,M,no,Storytel Original,2016-07-12,original,,OTHER,quot
orig_096,Virus:2,Daniel Åberg,M,no,Storytel Original,2017-01-24,original,,OTHER,quot
orig_097,Virus:3,Daniel Åberg,M,no,Storytel Original,2017-06-28,original,,OTHER,quot
orig_098,Virus:4,Daniel Åberg,M,no,Storytel Original,2018-04-03,original,,OTHER,quot
orig_099,Virus:5,Daniel Åberg,M,no,Storytel Original,2018-10-23,original,,OTHER,quot
orig_100,Virus:6,Daniel Åberg,M,no,Storytel Original,2019-05-05,original,,OTHER,quot
orig_101,Virus:7,Daniel Åberg,M,no,Storytel Original,2020-05-05,original,,OTHER,quot
orig_102,Westins bageri & kafé - S1,Solja Krapu-Kallio,F,no,Storytel Original,2016-12-01,original,,ROMANCE,dash
orig_103,Westins bageri & kafé - S2,Solja Krapu-Kallio,F,no,Storytel Original,2017-10-03,original,,ROMANCE,dash
orig_104,Westins bageri & kafé - S3,Solja Krapu-Kallio,F,no,Storytel Original,2018-04-17,original,,ROMANCE,dash
orig_105,Westins bageri & kafé - S4,Solja Krapu-Kallio,F,no,Storytel Original,2019-01-29,original,,ROMANCE,dash
SvB_BS_001,Da Vinci-koden,Dan Brown,M,transl,Bonnier Audio,2009-10-05,bestseller,,CRIME,quot
SvB_BS_002,Tjuvarnas marknad,Jan Guillou,M,no,Piratförlaget,2004-09-01,bestseller,,CRIME,quot
SvB_BS_004,Skuggorna och regnet,Håkan Nesser,M,no,Norstedts,2006-05-01,bestseller,,CRIME,quot
SvB_BS_006,Boken om Blanche och Marie,Per Olov Enquist,M,no,Norstedts,2008-07-01,bestseller,August,PRESTIGE,dash
SvB_BS_007,Gregorius,Bengt Ohlsson,M,no,Bonnier Audio,2010-05-28,bestseller,August,PRESTIGE,dash
SvB_BS_008,Den röda vargen,Liza Marklund,F,no,Piratförlaget,2003-06-01,bestseller,,CRIME,dash
SvB_BS_009,"En annan tid, ett annat liv",Leif G.W. Persson,M,no,Bonnier Audio,2014-05-01,bestseller,,CRIME,dash
SvB_BS_010,Bortom sanningen,Anne Holt,F,transl,Piratförlaget,2006-06-01,bestseller,,CRIME,dash
SvB_BS_011,Ett öga rött,Jonas Hassen Khemiri,M,no,Bonnier Audio,2017-05-15,bestseller,,OTHER,quot
SvB_BS_012,Solstorm,Åsa Larsson,F,no,Bonnier Audio,2007-11-13,bestseller,,CRIME,dash
SvB_BS_013,Änglar och demoner,Dan Brown,M,transl,Bonnier Audio,2009-10-01,bestseller,,CRIME,quot
SvB_BS_014,I cirkelns mitt,Dan Brown,M,transl,Bonnier Audio,2009-10-01,bestseller,,CRIME,quot
SvB_BS_015,Linda - som i Lindamordet,Leif G.W. Persson,M,no,Bonniers,2005,bestseller,,CRIME,dash
SvB_BS_016,Gangsters,Klas Östergren,M,no,Bokförlaget Polaris,2005,bestseller,August,PRESTIGE,quot
SvB_BS_017,Kennedys hjärna,Henning Mankell,M,no,Leopard Förlag,2018-02-23,bestseller,,OTHER,dash
SvB_BS_018,Stenhuggaren,Camilla Läckberg,F,no,Bonnier Audio,2007-09-21,bestseller,,CRIME,quot
SvB_BS_019,Efter alla år av saknad,Peter Robinson,M,transl,Bonnier Audio,2018-05-04,bestseller,,CRIME,quot
SvB_BS_020,Det blod som spillts,Åsa Larsson,F,no,Bonnier Audio,2007-09-21,bestseller,,CRIME,dash
SvB_BS_021,Predikanten,Camilla Läckberg,F,no,Bonnier Audio,2007-11-05,bestseller,,CRIME,quot
SvB_BS_022,Små citroner gula,Kajsa Ingemarsson,F,no,Storyside,2006-05-01,bestseller,,ROMANCE,quot
SvB_BS_023,Tillsammans är man mindre ensam,Anna Gavalda,F,transl,Bonnier Audio,2007-09-21,bestseller,,ROMANCE,dash
SvB_BS_024,Madame Terror,Jan Guillou,M,no,Piratförlaget,2006-08-01,bestseller,,CRIME,quot
SvB_BS_025,Nobels testamente,Liza Marklund,F,no,Piratförlaget,2006-06-01,bestseller,,CRIME,dash
SvB_BS_026,Flickan som lekte med elden,Stieg Larsson,M,no,Norstedts,2007-05-01,bestseller,,CRIME,quot
SvB_BS_027,Olycksfågeln,Camilla Läckberg,F,no,Bonnier Audio,2007-09-21,bestseller,,CRIME,quot
SvB_BS_028,Svart stig,Åsa Larsson,F,no,Bonnier Audio,2007-09-21,bestseller,,CRIME,dash
SvB_BS_029,Människa utan hund,Håkan Nesser,M,no,Bonnier Audio,2007-09-21,bestseller,,CRIME,quot
SvB_BS_030,Svinalängorna,Susanna Alakoski,F,no,Bonnier Audio,2007-11-05,bestseller,August,PRESTIGE,dash
SvB_BS_031,Mannen som dog som en lax,Mikael Niemi,M,no,Norstedts,2007-06-01,bestseller,,OTHER,dash
SvB_BS_032,Skam,Karin Alvtegen,F,no,Brombergs,2019-06-24,bestseller,,OTHER,quot
SvB_BS_033,Den amerikanska flickan,Monika Fagerholm,F,no,,2005,bestseller,August,PRESTIGE,quot
SvB_BS_034,Den ryske vännen,Kajsa Ingemarsson,F,no,Storyside,2006-05-01,bestseller,,OTHER,quot
SvB_BS_035,En lek med eld,Peter Robinson,M,transl,Bonnier Audio,2014-07-01,bestseller,,CRIME,quot
SvB_BS_036,Män som hatar kvinnor,Stieg Larsson,M,no,Norstedts,2007-04-01,bestseller,,CRIME,quot
SvB_BS_037,Isprinsessan,Camilla Läckberg,F,no,Bonnier Audio,2007-09-21,bestseller,,CRIME,quot
SvB_BS_038,Mordet på Harriet Krohn,Karin Fossum,F,transl,Bonnier Audio,2014-06-26,bestseller,,CRIME,dash
SvB_BS_039,Mossvikenfruar - Chansen,Emma Hamberg,F,no,Bonnier Audio,2007-09-21,bestseller,,ROMANCE,quot
SvB_BS_040,Box 21,Roslund & Hellström,M,no,Piratförlaget,2020-01-17,bestseller,,CRIME,dash
SvB_BS_041,Flickan med majblommorna,Karin Wahlberg,F,no,Bonnier Audio,2007-09-21,bestseller,,CRIME,dash
SvB_BS_042,Luftslottet som sprängdes,Stieg Larsson,M,no,Norstedts,2007-04-01,bestseller,,CRIME,quot
SvB_BS_043,Tyskungen,Camilla Läckberg,F,no,Bonnier Audio,2007-10-19,bestseller,,CRIME,quot
SvB_BS_044,Livstid,Liza Marklund,F,no,Piratförlaget,2007-08-01,bestseller,,CRIME,dash
SvB_BS_045,Faller fritt som i en dröm,Leif G.W. Persson,M,no,Bonnier Audio,2007-09-21,bestseller,,CRIME,dash
SvB_BS_046,En helt annan historia,Håkan Nesser,M,no,Bonnier Audio,2007-11-05,bestseller,,CRIME,quot
SvB_BS_047,Fienden inom oss,Jan Guillou,M,no,Piratförlaget,2007-09-01,bestseller,,CRIME,quot
SvB_BS_049,Tusen strålande solar,Khaled Hosseini,M,transl,Bonnier Audio,2013-06-03,bestseller,,OTHER,quot
SvB_BS_050,Skugga,Karin Alvtegen,F,no,Brombergs,2017-09-01,bestseller,,CRIME,quot
SvB_BS_051,En märklig affär,Peter Robinson,M,transl,Bonnier Audio,2014-07-01,bestseller,,CRIME,quot
SvB_BS_052,Flyga drake,Khaled Hosseini,M,transl,Bonnier Audio,2013-06-03,bestseller,,OTHER,quot
SvB_BS_053,Den döende dandyn,Mari Jungstedt,F,no,Bonnier Audio,2007-09-21,bestseller,,CRIME,dash
SvB_BS_054,Snabba cash,Jens Lapidus,M,no,Bonnier Audio,2007-11-05,bestseller,,CRIME,quot
SvB_BS_055,Montecore,Jonas Hassen Khemiri,M,no,Bonnier Audio,2017-05-15,bestseller,August,PRESTIGE,quot
SvB_BS_056,Nu vill jag sjunga dig milda sånger,Linda Olsson,F,transl,Bonnier Audio,2008-04-01,bestseller,,OTHER,quot
SvB_BS_057,Aldrig fucka upp,Jens Lapidus,M,no,Bonnier Audio,2008-05-27,bestseller,,CRIME,quot
SvB_BS_058,Men inte om det gäller din dotter,Jan Guillou,M,no,Piratförlaget,2008-08-01,bestseller,,CRIME,quot
SvB_BS_059,Sjöjungfrun,Camilla Läckberg,F,no,Bonnier Audio,2008-05-27,bestseller,,CRIME,quot
SvB_BS_060,Kinesen,Henning Mankell,M,no,Leopard Förlag,2018-02-23,bestseller,,CRIME,dash
SvB_BS_061,En plats i solen,Liza Marklund,F,no,Piratförlaget,2008-09-01,bestseller,,CRIME,dash
SvB_BS_062,Den som dödar draken,Leif G.W. Persson,M,no,Bonnier Audio,2008-05-29,bestseller,,CRIME,dash
SvB_BS_063,Till dess din vrede upphör,Åsa Larsson,F,no,Bonnier Audio,2008-09-15,bestseller,,CRIME,dash
SvB_BS_064,Nattfåk,Johan Theorin,M,no,Bonnier Audio,2008-09-15,bestseller,,CRIME,quot
SvB_BS_065,Midvinterblod,Mons Kallentoft,M,no,Storyside,2007-06-01,bestseller,,CRIME,quot
SvB_BS_066,Mig äger ingen,Åsa Linderborg,F,no,Storyside,2007-11-01,bestseller,August,PRESTIGE,dash
SvB_BS_067,Den förlorade symbolen,Dan Brown,M,transl,Bonnier Audio,2009-10-21,bestseller,,CRIME,quot
SvB_BS_068,Fyrvaktaren,Camilla Läckberg,F,no,Bonnier Audio,2009-09-16,bestseller,,CRIME,quot
SvB_BS_069,Den orolige mannen,Henning Mankell,M,no,Leopard Förlag,2018-04-09,bestseller,,CRIME,dash
SvB_BS_070,Hypnotisören - Black edition,Lars Kepler,2,no,Bonnier Audio,2019-06-11,bestseller,,CRIME,dash
SvB_BS_071,Tre sekunder,Roslund & Hellström,M,no,Piratförlaget,2009-05-01,bestseller,,CRIME,dash
SvB_BS_072,Hundraåringen som klev ut genom fönstret och försvann,Jonas Jonasson,M,no,Piratförlaget,2009-09-01,bestseller,,OTHER,dash
SvB_BS_073,Den dubbla tystnaden,Mari Jungstedt,F,no,Bonnier Audio,2009-06-08,bestseller,,CRIME,dash
SvB_BS_074,Den mörka ängeln,Mari Jungstedt,F,no,Bonnier Audio,2008-06-24,bestseller,,CRIME,dash
SvB_BS_075,Sommardöden,Mons Kallentoft,M,no,Storyside,2008-05-01,bestseller,,CRIME,quot
SvB_BS_076,Snömannen,Jo Nesbø,M,transl,Bonnier Audio,2017-01-30,bestseller,,CRIME,quot
SvB_BS_077,Paganinikontraktet,Lars Kepler,2,no,Bonnier Audio,2010-07-15,bestseller,,CRIME,dash
SvB_BS_078,Blodläge,Johan Theorin,M,no,Bonnier Audio,2010-04-29,bestseller,,CRIME,quot
SvB_BS_079,Den döende detektiven,Leif G.W. Persson,M,no,Bonnier Audio,2010-08-13,bestseller,,CRIME,dash
SvB_BS_080,Postcard Killers,Liza Marklund,F,no,Piratförlaget,2010-01-01,bestseller,,CRIME,dash
SvB_BS_081,1222 över havet,Anne Holt,F,transl,Piratförlaget,2008-10-01,bestseller,,CRIME,dash
SvB_BS_082,Bara vanligt vatten,Kajsa Ingemarsson,F,no,Norstedts,2009-04-01,bestseller,,ROMANCE,quot
SvB_BS_083,Boktjuven,Markus Zusak,M,transl,Storyside,2018-09-13,bestseller,,OTHER,quot
SvB_BS_084,Igelkottens elegans,Muriel Barbery,F,transl,Word Audio Publishing,2010-10-01,bestseller,,OTHER,dash
SvB_BS_085,Höstoffer,Mons Kallentoft,M,no,Storyside,2009-05-01,bestseller,,CRIME,quot
SvB_BS_086,I den innersta kretsen,Viveca Sten,F,no,Bonnier Audio,2009-04-08,bestseller,,CRIME,quot
SvB_BS_087,Eldvittnet,Lars Kepler,2,no,Bonnier Audio,2011-11-11,bestseller,,CRIME,dash
SvB_BS_088,Änglamakerskan,Camilla Läckberg,F,no,Bonnier Audio,2011-09-19,bestseller,,CRIME,quot
SvB_BS_089,En dag,David Nicholls,M,transl,A Nice Noise,2010-11-01,bestseller,,OTHER,quot
SvB_BS_090,Livet deluxe,Jens Lapidus,M,no,Bonnier Audio,2011-06-10,bestseller,,CRIME,quot
SvB_BS_091,Brobyggarna,Jan Guillou,M,no,Piratförlaget,2011-09-01,bestseller,,OTHER,quot
SvB_BS_092,Niceville,Kathryn Stockett,F,transl,Bonnier Audio,2010-09-15,bestseller,,OTHER,quot
SvB_BS_093,"Du gamla, du fria",Liza Marklund,F,no,Piratförlaget,2011-11-01,bestseller,,CRIME,dash
SvB_BS_094,Pansarhjärta,Jo Nesbø,M,transl,Bonnier Audio,2017-02-24,bestseller,,CRIME,quot
SvB_BS_095,Det fjärde offret,Mari Jungstedt,F,no,Bonnier Audio,2011-05-17,bestseller,,CRIME,dash
SvB_BS_096,Drömmen förde dej vilse,Anna Jansson,F,no,Norstedts,2010-05-01,bestseller,,CRIME,quot
SvB_BS_098,Det fördolda,"Hans Rosenfeldt, Michael Hjorth",M,no,Norstedts,2010-08-01,bestseller,,CRIME,dash
SvB_BS_099,Huvudjägarna,Jo Nesbø,M,transl,Bonnier Audio,2016-10-04,bestseller,,CRIME,quot
SvB_BS_101,Sankta Psyko,Johan Theorin,M,no,Bonnier Audio,2011-09-29,bestseller,,CRIME,quot
SvB_BS_102,Tusenskönor,Kristina Ohlsson,F,no,Piratförlaget,2010-08-01,bestseller,,CRIME,dash
SvB_BS_103,I grunden utan skuld,Viveca Sten,F,no,Bonnier Audio,2010-03-24,bestseller,,CRIME,quot
SvB_BS_104,I natt är du död,Viveca Sten,F,no,Bonnier Audio,2011-04-11,bestseller,,CRIME,quot
SvB_BS_105,Den femte årstiden,Mons Kallentoft,M,no,Storyside,2011-06-01,bestseller,,CRIME,quot
SvB_BS_106,Utrensning,Sofi Oksanen,F,transl,Bonnier Audio,2010-12-01,bestseller,,PRESTIGE,dash
SvB_BS_107,Ensamma hjärtan och hemlösa hundar,Lucy Dillon,F,transl,Bonnier Audio,2012-06-01,bestseller,,ROMANCE,quot
SvB_BS_108,Strindbergs stjärna,Jan Wallentin,M,no,Bonnier Audio,2010-10-01,bestseller,,CRIME,dash
SvB_BS_109,Sandmannen,Lars Kepler,2,no,Bonnier Audio,2012-11-09,bestseller,,CRIME,dash
SvB_BS_110,Änglavakter,Kristina Ohlsson,F,no,Piratförlaget,2011-04-01,bestseller,,CRIME,dash
SvB_BS_111,Någonstans inom oss,Kajsa Ingemarsson,F,no,Norstedts,2011-07-01,bestseller,,ROMANCE,quot
SvB_BS_112,Torka aldrig tårar utan handskar: 1. Kärleken,Jonas Gardell,M,no,Norstedts,2012-08-01,bestseller,,OTHER,quot
SvB_BS_114,Dandy,Jan Guillou,M,no,Piratförlaget,2012-09-01,bestseller,,OTHER,quot
SvB_BS_115,Den sista akten,Mari Jungstedt,F,no,Bonnier Audio,2012-05-15,bestseller,,CRIME,dash
SvB_BS_117,Två soldater,Roslund & Hellström,M,no,Piratförlaget,2012-05-01,bestseller,,CRIME,dash
SvB_BS_118,Lärjungen,"Hans Rosenfeldt, Michael Hjorth",M,no,Norstedts,2011-08-01,bestseller,,CRIME,dash
SvB_BS_119,I stundens hetta,Viveca Sten,F,no,Bonnier Audio,2012-06-15,bestseller,,CRIME,quot
SvB_BS_120,Till offer åt Molok,Åsa Larsson,F,no,Bonnier Audio,2012-03-20,bestseller,,CRIME,dash
SvB_BS_121,Gengångare,Jo Nesbø,M,transl,Bonnier Audio,2017-02-24,bestseller,,CRIME,quot
SvB_BS_122,En man som heter Ove,Fredrik Backman,M,no,Bonnier Audio,2012-08-27,bestseller,,OTHER,dash
SvB_BS_123,Fjällgraven,"Hans Rosenfeldt, Michael Hjorth",M,no,Norstedts,2012-10-01,bestseller,,CRIME,dash
SvB_BS_124,Helgonet,Carin Gerhardsen,F,no,Norstedts,2011-06-01,bestseller,,CRIME,dash
SvB_BS_126,Felicia försvann,Felicia Feldt,F,no,Storyside,2012-01-01,bestseller,,OTHER,dash
SvB_BS_127,Den tomma stolen,J.K. Rowling ,F,transl,Wahlström & Widstrand,2012,bestseller,,OTHER,quot
SvB_BS_129,Vattenänglar,Mons Kallentoft,M,no,Bonnier Audio,2012-08-06,bestseller,,CRIME,quot
SvB_BS_130,Livet efter dig,Jojo Moyes,F,transl,Printz Publishing,2015-06-26,bestseller,,ROMANCE,quot
SvB_BS_131,Inferno,Dan Brown,M,transl,Bonnier Audio,2013-05-14,bestseller,,CRIME,quot
SvB_BS_132,Little Bee,Chris Cleave,M,transl,A Nice Noise,2012-05-01,bestseller,,OTHER,quot
SvB_BS_133,Den sanna historien om Pinocchios näsa : en roman om ett brott,Leif G.W. Persson,M,no,Bonnier Audio,2013-09-26,bestseller,,CRIME,dash
SvB_BS_134,Analfabeten som kunde räkna,Jonas Jonasson,M,no,Piratförlaget,2013-09-01,bestseller,,OTHER,dash
SvB_BS_135,Innan floden tar oss,Helena Thorfinn,F,no,Norstedts,2013-06-01,bestseller,,OTHER,quot
SvB_BS_136,Mellan rött och svart,Jan Guillou,M,no,Piratförlaget,2013-09-01,bestseller,,OTHER,quot
SvB_BS_137,Paradisoffer,Kristina Ohlsson,F,no,Piratförlaget,2012-04-01,bestseller,,CRIME,dash
SvB_BS_138,Du går inte ensam,Mari Jungstedt,F,no,Bonnier Audio,2013-05-03,bestseller,,CRIME,dash
SvB_BS_139,Lyckliga gatan,Liza Marklund,F,no,Piratförlaget,2013-10-01,bestseller,,CRIME,dash
SvB_BS_140,När skönheten kom till Bro,Anna Jansson,F,no,Norstedts,2012-03-01,bestseller,,CRIME,quot
SvB_BS_141,Polis,Jo Nesbø,M,transl,Bonnier Audio,2017-02-24,bestseller,,CRIME,quot
SvB_BS_142,För mycket lycka,Alice Munro,F,transl,Storyside,2010-08-01,bestseller,,PRESTIGE,quot
SvB_BS_143,Kaffe med rån,Catharina Ingelman-Sundberg,F,no,Bonnier Audio,2012-08-01,bestseller,,CRIME,quot
SvB_BS_144,I farans riktning,Viveca Sten,F,no,Bonnier Audio,2013-05-20,bestseller,,CRIME,quot
SvB_BS_145,Min mormor hälsar och säger förlåt,Fredrik Backman,M,no,Bonnier Audio,2013-09-24,bestseller,,OTHER,dash
SvB_BS_146,Mörka platser,Gillian Flynn,F,transl,Word Audio Publishing,2012-11-01,bestseller,,CRIME,quot
SvB_BS_147,Gideons ring,Carin Gerhardsen,F,no,Norstedts,2012-05-01,bestseller,,CRIME,dash
SvB_BS_148,Och bergen svarade,Khaled Hosseini,M,transl,Bonnier Audio,2013-06-03,bestseller,,OTHER,quot
SvB_BS_149,Flaskpost från P,Jussi Adler-Olsen,M,transl,Bonnier Audio,2012-04-01,bestseller,,CRIME,quot
SvB_BS_150,Torka aldrig tårar utan handskar: 2. Sjukdomen,Jonas Gardell,M,no,Norstedts,2013-01-01,bestseller,,OTHER,quot
SvB_BS_151,Egenmäktigt förfarande : En roman om kärlek,Lena Andersson,F,no,Natur & Kultur,2013-12-01,bestseller,August,PRESTIGE,dash
SvB_BS_152,Handen : ett fall för Wallander,Henning Mankell,M,no,Storyside,2013-08-01,bestseller,,CRIME,dash
SvB_BS_153,Rörgast,Johan Theorin,M,no,Bonnier Audio,2013-10-01,bestseller,,CRIME,quot
SvB_BS_154,Att inte vilja se,Jan Guillou,M,no,Piratförlaget,2014-08-28,bestseller,,OTHER,quot
SvB_BS_155,Stalker,Lars Kepler,2,no,Bonnier Audio,2014-10-24,bestseller,,CRIME,dash
SvB_BS_156,Gone Girl,Gillian Flynn,F,transl,Word Audio Publishing,2013-08-01,bestseller,,CRIME,quot
SvB_BS_157,Lejontämjaren,Camilla Läckberg,F,no,Bonnier Audio,2014-11-17,bestseller,,CRIME,quot
SvB_BS_158,VIP-rummet,Jens Lapidus,M,no,Bonnier Audio,2014-06-03,bestseller,,CRIME,quot
SvB_BS_159,Sophies historia,Jojo Moyes,F,transl,Printz Publishing,2015-11-19,bestseller,,ROMANCE,quot
SvB_BS_160,Utan personligt ansvar,Lena Andersson,F,no,Natur & Kultur,2014-10-30,bestseller,,OTHER,dash
SvB_BS_161,Sonen,Jo Nesbø,M,transl,Bonnier Audio,2016-10-04,bestseller,,CRIME,quot
SvB_BS_162,Än klappar hjärtan,Helena von Zweigbergk,F,no,Norstedts,2013-09-01,bestseller,,OTHER,quot
SvB_BS_163,Jag heter inte Miriam,Majgull Axelsson,F,no,Storyside,2014-03-17,bestseller,,OTHER,quot
SvB_BS_164,Steglitsan,Donna Tartt,F,transl,Bonniers,2013,bestseller,Pulitzer ,PRESTIGE,quot
SvB_BS_165,De underkända,"Hans Rosenfeldt, Michael Hjorth",M,no,Norstedts,2015-10-15,bestseller,,CRIME,quot
SvB_BS_166,Blå stjärnan,Jan Guillou,M,no,Piratförlaget,2015-09-03,bestseller,,OTHER,quot
SvB_BS_167,Det som inte dödar oss : Millennium 4,David Lagercrantz,M,no,Norstedts,2015-09-10,bestseller,,CRIME,quot
SvB_BS_168,Bombmakaren och hans kvinna,Leif G.W. Persson,M,no,Bonnier Audio,2015-07-27,bestseller,,CRIME,dash
SvB_BS_169,Britt-Marie var här,Fredrik Backman,M,no,Bonnier Audio,2017-07-01,bestseller,,OTHER,dash
SvB_BS_170,Mördar-Anders och hans vänner (samt en och annan ovän),Jonas Jonasson,M,no,Piratförlaget,2015-09-24,bestseller,,OTHER,dash
SvB_BS_171,Allt jag inte minns,Jonas Hassen Khemiri,M,no,Bonnier Audio,2015-09-01,bestseller,August,PRESTIGE,dash
SvB_BS_172,STHLM DELETE,Jens Lapidus,M,no,Bonnier Audio,2015-10-07,bestseller,,CRIME,quot
SvB_BS_173,Det är något som inte stämmer,Martina Haag,F,no,Piratförlaget,2015-11-20,bestseller,,OTHER,dash
SvB_BS_174,Playground,Lars Kepler,2,no,Bonnier Audio,2015-10-21,bestseller,,CRIME,quot
SvB_BS_175,Järnblod,Liza Marklund,F,no,Piratförlaget,2015-06-18,bestseller,,CRIME,dash
SvB_BS_176,Arvet efter dig,Jojo Moyes,F,transl,Printz Publishing,2015-12-25,bestseller,,ROMANCE,quot
SvB_BS_177,Björndansen,Roslund & Thunberg,M,no,Piratförlaget,2014-05-28,bestseller,,CRIME,dash
SvB_BS_179,Konsten att höra hjärtslag,Jan-Philipp Sendker,M,transl,Bonnier Audio,2015-07-17,bestseller,,ROMANCE,quot
SvB_BS_180,Etthundra mil,Jojo Moyes,F,transl,Printz Publishing,2015-10-13,bestseller,,ROMANCE,quot
SvB_BS_181,Sista brevet från din älskade,Jojo Moyes,F,transl,Printz Publishing,2015-07-16,bestseller,,ROMANCE,quot
SvB_BS_182,Visning pågår,Sofie Sarenbrant,F,no,Stockholm Text,2014-04-02,bestseller,,CRIME,quot
SvB_BS_184,Lotus blues,Kristina Ohlsson,F,no,Piratförlaget,2014-10-02,bestseller,,CRIME,dash
SvB_BS_185,Offer utan ansikte,Stefan Ahnhem,M,no,Bonnier Audio,2014-06-25,bestseller,,CRIME,quot
SvB_BS_186,Öppnas i händelse av min död,Liane Moriarty,F,transl,Bonnier Audio,2015-04-08,bestseller,,ROMANCE,quot
SvB_BS_187,Stoner,John Williams,M,transl,Natur & Kultur,2014-07-03,bestseller,,OTHER,quot
SvB_BS_188,I skymningen sjunger koltrasten,Linda Olsson,F,no,Brombergs,2015-12-17,bestseller,,OTHER,quot
SvB_BS_189,I maktens skugga,Viveca Sten,F,no,Bonnier Audio,2014-05-15,bestseller,,CRIME,quot
SvB_BS_190,Jakthundarna,Jørn Lier Horst,M,transl,Word Audio Publishing,2014-03-27,bestseller,,CRIME,quot
SvB_BS_191,Den stumma flickan,"Hans Rosenfeldt, Michael Hjorth",M,no,Norstedts,2014-09-25,bestseller,,CRIME,quot
SvB_BS_192,Tre minuter,Roslund & Hellström,M,no,Piratförlaget,2016-05-26,bestseller,,CRIME,dash
SvB_BS_193,Kaninjägaren,Lars Kepler,2,no,Bonnier Audio,2016-10-24,bestseller,,CRIME,dash
SvB_BS_194,Kan man dö två gånger? : En roman om ett brott,Leif G.W. Persson,M,no,Bonnier Audio,2016-09-23,bestseller,,CRIME,dash
SvB_BS_196,Simma med de drunknade,Lars Mytting,M,transl,Bonnier Audio,2016-04-21,bestseller,,OTHER,quot
SvB_BS_197,Ljuset vi inte ser,Anthony Doerr,M,transl,Bookmark,2015,bestseller,Pulitzer,PRESTIGE,quot
SvB_BS_198,Avdelning 73,Sofie Sarenbrant,F,no,Word Audio Publishing,2015-04-21,bestseller,,CRIME,quot
SvB_BS_199,Det andra ansiktet,Mari Jungstedt,F,no,Bonnier Audio,2016-05-12,bestseller,,CRIME,dash
SvB_BS_200,Störst av allt,Malin Persson Giolito,F,no,Bonnier Audio,2016-06-20,bestseller,,CRIME,quot
SvB_BS_201,Snövit ska dö,Nele Neuhaus,F,transl,Bonnier Audio,2015-12-22,bestseller,,CRIME,quot
SvB_BS_202,Glöm mig,Alex Schulman,M,no,Stockholm Text,2016-10-06,bestseller,,OTHER,quot
SvB_BS_205,Kvinna inför rätta,Louise Doughty,F,transl,Bonnier Audio,2016-05-31,bestseller,,CRIME,quot
SvB_BS_206,Tiggaren,Sofie Sarenbrant,F,no,Word Audio Publishing,2016-05-23,bestseller,,CRIME,quot
SvB_BS_207,Bakom din rygg,Sofie Sarenbrant,F,no,Stockholm Text,2017-05-22,bestseller,,CRIME,quot
SvB_BS_208,1968,Jan Guillou,M,no,Piratförlaget,2017-08-24,bestseller,,OTHER,quot
SvB_BS_209,Slutet på sommaren,Anders de la Motte,M,no,Forum,2016,bestseller,,CRIME,quot
SvB_BS_210,Arton grader minus,Stefan Ahnhem,M,no,Bonnier Audio,2016-10-13,bestseller,,CRIME,quot
SvB_BS_211,Återstoden av dagen,Kazuo Ishiguro,M,transl,Bonnier Audio,2017-11-22,bestseller,Nobel,PRESTIGE,quot
SvB_BS_212,Ett litet liv,Hanya Yanagihara,F,transl,Bonniers,2016,bestseller,Man Booker,PRESTIGE,quot
SvB_BS_213,Hjärtats innersta röst,Jan-Philipp Sendker,M,transl,Bonnier Audio,2016-03-09,bestseller,,ROMANCE,quot
SvB_BS_214,Vänd dig inte om,Tove Alsterdal,F,no,Lind & Co,2016-08-22,bestseller,,CRIME,quot
SvB_BS_215,De kommer att drunkna i sina mödrars tårar,Johannes Anyuru,M,no,Norstedts,2018-03-29,bestseller,August,PRESTIGE,quot
SvB_BS_216,Björnstad,Fredrik Backman,M,no,Bonnier Audio,2017-07-01,bestseller,,OTHER,dash
SvB_BS_217,Italienska skor,Henning Mankell,M,no,Leopard Förlag,2018-02-23,bestseller,,OTHER,dash
SvB_BS_218,Krigets gudar : Kejsaren IV,Conn Iggulden,M,transl,Bonnier Audio,2009-10-13,bestseller,,OTHER,quot
SvB_BS_219,Vänaste land,Åke Edwardson,M,no,Norstedts,2007-03-01,bestseller,,CRIME,quot
SvB_BS_220,I denna ljuva sommartid,Mari Jungstedt,F,no,Bonnier Audio,2007-10-25,bestseller,,CRIME,dash
SvB_BS_221,Lyckans hjul,Kajsa Ingemarsson,F,no,Norstedts,2007-08-01,bestseller,,ROMANCE,quot
SvB_BS_222,Flickan under gatan,Roslund & Hellström,M,no,Piratförlaget,2007-09-01,bestseller,,CRIME,dash
SvB_BS_223,Tröstaren,Karin Wahlberg,F,no,Bonnier Audio,2007-09-21,bestseller,,CRIME,dash
SvB_BS_224,Skumtimmen,Johan Theorin,M,no,Bonnier Audio,2007-09-21,bestseller,,CRIME,quot
SvB_BS_225,Tårtgeneralen,"Filip Hammar, Fredrik Wikingsson",M,no,Bonnier Audio,2009-11-20,bestseller,,OTHER,quot
SvB_BS_226,Ängelns lek,Carlos Ruiz Zafon,M,transl,Bonnier Audio,2020-04-14,bestseller,,OTHER,dash
SvB_BS_227,Matthandlare Olssons död,Karin Wahlberg,F,no,Bonnier Audio,2009-11-13,bestseller,,CRIME,quot
SvB_BS_228,Bergens väktare : Erövraren III,Conn Iggulden,M,transl,Bonnier Audio,2009-11-03,bestseller,,OTHER,quot
SvB_BS_229,Maskarna på Carmine Street,Håkan Nesser,M,no,Bonnier Audio,2009-08-14,bestseller,,CRIME,quot
SvB_BS_230,Den farliga leken,Mari Jungstedt,F,no,Bonnier Audio,2010-05-21,bestseller,,CRIME,dash
SvB_BS_231,De ensamma,Håkan Nesser,M,no,Bonnier Audio,2010-05-21,bestseller,,CRIME,quot
SvB_BS_232,Vårlik,Mons Kallentoft,M,no,Storyside,2010-05-01,bestseller,,CRIME,quot
SvB_BS_234,Alkemisten,Paulo Coelho,M,transl,Bazar,1995,bestseller,,OTHER,quot
SvB_BS_235,Elva minuter,Paulo Coelho,M,transl,Bazar,2004,bestseller,,OTHER,quot
SvB_BS_237,Låt den rätte komma in,John Ajvide Lindqvist,M,no,Storyside,2008-10-01,bestseller,,OTHER,quot
SvB_BS_238,Shantaram,Gregory David Roberts,M,transl,Brombergs,2007,bestseller,,OTHER,quot
SvB_BS_240,Femtio nyanser av honom,E.L. James,F,transl,Norstedts,2016-04-18,bestseller,,ROMANCE,quot
SvB_BS_241,Femtio nyanser av mörker,E.L. James,F,transl,Norstedts,2016-04-18,bestseller,,ROMANCE,quot
SvB_BS_242,Morgon i Jenin,Susan Abulhawa,F,transl,Norstedts,2019-03-13,bestseller,,OTHER,quot
SvB_BS_243,Femtio nyanser av frihet,E.L. James,F,transl,Norstedts,2016-04-18,bestseller,,ROMANCE,quot
SvB_BS_244,Min fantastiska väninna,Elena Ferrante,F,transl,Norstedts,2016-03-24,bestseller,,OTHER,quot
SvB_BS_245,Hennes nya namn,Elena Ferrante,F,transl,Norstedts,2016-10-11,bestseller,,OTHER,quot
SvB_BS_246,Toner i natten,Jojo Moyes,F,transl,Printz Publishing,2016-12-22,bestseller,,ROMANCE,quot
SvB_BS_247,Kvinnan på tåget,Paula Hawkins,F,transl,Norstedts,2015-04-02,bestseller,,CRIME,quot
SvB_BS_248,Det lilla bageriet på strandpromenaden,Jenny Colgan,F,transl,Norstedts,2016-06-09,bestseller,,ROMANCE,quot
SvB_BS_249,Mannen som sökte sin skugga,David Lagercrantz,M,no,Norstedts,2017-09-07,bestseller,,CRIME,quot
SvB_BS_250,Begynnelse,Dan Brown,M,transl,Bonnier Audio,2017-10-30,bestseller,,CRIME,quot
SvB_BS_251,Häxan,Camilla Läckberg,F,no,Bonnier Audio,2017-04-07,bestseller,,CRIME,quot
SvB_BS_252,Det förlorade barnet,Elena Ferrante,F,transl,Norstedts,2017-06-15,bestseller,Int Booker,PRESTIGE,quot
SvB_BS_253,"Den som stannar, den som går",Elena Ferrante,F,transl,Norstedts,2017-01-18,bestseller,,OTHER,quot
SvB_BS_254,Top dogg,Jens Lapidus,M,no,Bonnier Audio,2017-06-01,bestseller,,CRIME,quot
SvB_BS_255,Törst,Jo Nesbø,M,transl,Bonnier Audio,2017-03-21,bestseller,,CRIME,quot
SvB_BS_256,Never let me go,Kazuo Ishiguro,M,transl,Bonnier Audio,2017-11-03,bestseller,Nobel,PRESTIGE,quot
SvB_BS_257,Det förlovade landet,Mari Jungstedt,F,no,Bonnier Audio,2017-05-12,bestseller,,CRIME,dash
SvB_BS_258,Selfies,Jussi Adler-Olsen,M,transl,Bonnier Audio,2017-04-25,bestseller,,CRIME,quot
SvB_BS_259,Sommar på strandpromenaden,Jenny Colgan,F,transl,Norstedts,2016-06-16,bestseller,,ROMANCE,quot
SvB_BS_260,Jul i det lilla bageriet på strandpromenaden,Jenny Colgan,F,transl,Norstedts,2016-12-01,bestseller,,ROMANCE,quot
SvB_BS_261,Lazarus,Lars Kepler,2,no,Bonnier Audio,2018-10-19,bestseller,,CRIME,dash
SvB_BS_263,Bränn alla mina brev,Alex Schulman,M,no,Stockholm Text,2018-12-04,bestseller,,OTHER,quot
SvB_BS_264,De som dödar drömmar sover aldrig,Jan Guillou,M,no,Piratförlaget,2018-11-01,bestseller,,OTHER,quot
SvB_BS_265,En andra chans,Jojo Moyes,F,transl,Printz Publishing,2018-07-31,bestseller,,ROMANCE,quot
SvB_BS_266,Ett mörker mitt ibland oss,Mari Jungstedt,F,no,Bonnier Audio,2018-06-01,bestseller,,CRIME,dash
SvB_BS_267,I fel sällskap,Viveca Sten,F,no,Bonnier Audio,2018-05-09,bestseller,,CRIME,quot
SvB_BS_268,Syndabocken,Sofie Sarenbrant,F,no,Stockholm Text,2018-05-21,bestseller,,CRIME,quot
SvB_BS_269,En högre rättvisa,"Hans Rosenfeldt, Michael Hjorth",M,no,Norstedts,2018-11-01,bestseller,,CRIME,quot
SvB_BS_270,De vänsterhäntas förening,Håkan Nesser,M,no,Bonnier Audio,2018-07-27,bestseller,,CRIME,quot
SvB_BS_271,Tre timmar,Anders Roslund,M,no,Piratförlaget,2018-05-31,bestseller,,CRIME,dash
SvB_BS_273,1793,Niklas Natt och Dag,M,no,Bonnier Audio,2018-03-27,bestseller,,CRIME,quot
SvB_BS_274,Den lilla bokhandeln runt hörnet,Jenny Colgan,F,transl,Norstedts,2017-06-22,bestseller,,ROMANCE,quot
SvB_BS_275,Silvervägen,Stina Jackson,F,no,Bonnier Audio,2018-05-22,bestseller,,CRIME,dash
SvB_BS_276,Bara ett barn,Malin Persson Giolito,F,no,Bonnier Audio,2017-12-05,bestseller,,CRIME,quot
SvB_BS_277,Ensam i Paris (och andra historier),Jojo Moyes,F,transl,Printz Publishing,2017-12-13,bestseller,,ROMANCE,quot
SvB_BS_278,Husdjuret,Camilla Grebe,F,no,Bonnier Audio,2017-09-14,bestseller,,CRIME,dash
SvB_BS_279,Den tyska flickan,Armando Lucas Correa,M,transl,Louise Bäckelin Förlag,2020-02-05,bestseller,,OTHER,quot
SvB_BS_280,Strandcaféet,Lucy Diamond,F,transl,Storyside,2017-08-24,bestseller,,ROMANCE,quot
SvB_BS_281,Kvinnan i fönstret,A.J. Finn,M,transl,Bonnier Audio,2018-04-10,bestseller,,CRIME,quot
SvB_BS_282,Blodlokan,Louise Boije af Gennäs,F,no,Stockholm Text,2018-01-16,bestseller,,CRIME,quot
SvB_BS_283,Syndafloder,Kristina Ohlsson,F,no,Piratförlaget,2017-03-09,bestseller,,CRIME,dash
SvB_BS_284,Höstdåd,Anders de la Motte,M,no,Forum,2017,bestseller,,CRIME,quot
SvB_BS_285,Pappas pojke,Emelie Schepp,F,no,HarperCollins Nordic,2017-08-21,bestseller,,CRIME,dash
SvB_BS_286,Hon som måste dö,David Lagercrantz,M,no,Norstedts,2019-08-22,bestseller,,CRIME,quot
SvB_BS_287,En bur av guld,Camilla Läckberg,F,no,Bonnier Audio,2019-04-11,bestseller,,CRIME,quot
SvB_BS_288,1794,Niklas Natt och Dag,M,no,Bonnier Audio,2019-09-18,bestseller,,CRIME,quot
SvB_BS_289,Den andra dödssynden,Jan Guillou,M,no,Piratförlaget,2019-08-29,bestseller,,OTHER,quot
SvB_BS_290,Jag ser dig,Mari Jungstedt,F,no,Bonnier Audio,2019-06-04,bestseller,,CRIME,dash
SvB_BS_291,Kniv,Jo Nesbø,M,transl,Bonnier Audio,2019-06-26,bestseller,,CRIME,quot
SvB_BS_292,Broder Jakob,Emelie Schepp,F,no,HarperCollins Nordic,2019-03-21,bestseller,,CRIME,dash
SvB_BS_293,Löparna,Olga Tokarczuk,F,transl,Bonnier Audio,2019-11-29,bestseller,Nobel,PRESTIGE,dash
SvB_BS_294,Bergens stjärnor,Jojo Moyes,F,transl,Printz Publishing,2019-10-07,bestseller,,ROMANCE,quot
SvB_BS_295,Skamvrån,Sofie Sarenbrant,F,no,Stockholm Text,2019-05-20,bestseller,,CRIME,quot
SvB_BS_296,Folk med ångest,Fredrik Backman,M,no,Bonnier Audio,2019-04-25,bestseller,,OTHER,quot
SvB_BS_297,I hemlighet begravd,Viveca Sten,F,no,Bonnier Audio,2019-10-21,bestseller,,CRIME,quot
SvB_BS_298,Hundraettåringen som tänkte att han tänkte för mycket,Jonas Jonasson,M,no,Piratförlaget,2018-10-15,bestseller,,OTHER,dash
SvB_BS_299,Jamåhonleva,Anders Roslund,M,no,Bonnier Audio,2019-07-19,bestseller,,CRIME,dash
SvB_BS_301,En helt vanlig familj,Mattias Edvardsson,M,no,Bonnier Audio,2018-06-20,bestseller,,CRIME,quot
SvB_BS_302,Bokhandeln på Riverside Drive,Frida Skybäck,F,no,Modern Audio,2018-07-18,bestseller,,ROMANCE,quot
SvB_BS_303,Tatueraren i Auschwitz,Heather Morris,F,transl,Bokförlaget NoNa,2018-12-11,bestseller,,OTHER,quot
SvB_BS_304,Sommar på den lilla ön i havet,Jenny Colgan,F,transl,Norstedts,2018-05-12,bestseller,,ROMANCE,quot
SvB_BS_305,Det som göms i snö,Carin Gerhardsen,F,no,Stockholm Text,2018-09-25,bestseller,,CRIME,dash
SvB_BS_306,Motiv X,Stefan Ahnhem,M,no,Bonnier Audio,2018-09-19,bestseller,,CRIME,quot
SvB_BS_308,På egen hand,Marian Keyes,M,transl,Norstedts,2018-08-03,bestseller,,ROMANCE,quot
SvB_BS_309,Spegelmannen,Lars Kepler,2,no,Bonnier Audio,2020-10-21,bestseller,,CRIME,dash
SvB_BS_310,Där kräftorna sjunger,Delia Owens,F,transl,Bonnier Audio,2020-04-29,bestseller,,OTHER,quot
SvB_BS_311,Samlade verk,Lydia Sandgren,F,no,Bonnier Audio,2020-05-13,bestseller,August,PRESTIGE,quot
SvB_BS_312,Vingar av silver,Camilla Läckberg,F,no,Bonnier Audio,2020-05-13,bestseller,,CRIME,quot
SvB_BS_313,Slutet på historien,Jan Guillou,M,no,Piratförlaget,2020-08-24,bestseller,,OTHER,quot
SvB_BS_314,Överlevarna,Alex Schulman,M,no,Bonnier Audio,2020-09-04,bestseller,,OTHER,quot
SvB_BS_316,Mytomanen,Sofie Sarenbrant,F,no,Stockholm Text,2020-05-25,bestseller,,CRIME,quot
SvB_BS_317,Vargasommar,Hans Rosenfeldt,M,no,Norstedts,2020-09-24,bestseller,,CRIME,quot
SvB_BS_318,Renegater,Klas Östergren,M,no,Bokförlaget Polaris,2020-09-10,bestseller,August,PRESTIGE,quot
SvB_BS_319,Solsystern : Electras bok,Lucinda Riley,F,transl,Bazar Förlag,2020-10-28,bestseller,,ROMANCE,quot
SvB_BS_320,Innan molnen kommer,Mari Jungstedt,F,no,Bonnier Audio,2020-06-01,bestseller,,CRIME,dash
SvB_BS_321,Jag ser allt du gör,Annika Norlin,F,no,Weyler Förlag,2020-04-17,bestseller,August,PRESTIGE,quot
SvB_BS_323,Månsystern : Tiggys bok,Lucinda Riley,F,transl,BZR Publishing AB,2020-01-27,bestseller,,ROMANCE,quot
SvB_BS_324,Nio liv,Emelie Schepp,F,no,HarperCollins Nordic,2020-11-05,bestseller,,CRIME,dash
SvB_BS_325,Testamente,Nina Wähä,F,no,Norstedts,2019-06-26,bestseller,August,PRESTIGE,dash
SvB_BS_327,Tillbaka till den lilla ön i havet,Jenny Colgan,F,transl,Norstedts,2019-04-04,bestseller,,ROMANCE,quot
SvB_BS_328,Det sista livet,"Peter Mohlin, Peter Nyström",M,no,Norstedts,2020-04-02,bestseller,,CRIME,quot
SvB_BS_329,Krokodilväktaren,Katrine Engberg,F,no,Bonnier Audio,2019-06-11,bestseller,,CRIME,quot
SvB_BS_330,Bokcirkeln vid världens ände,Frida Skybäck,F,no,Louise Bäckelin Förlag,2020-02-05,bestseller,,ROMANCE,quot
SvB_BS_331,Råttkungen,Pascal Engman,M,no,Stockholm Text,2019-10-16,bestseller,,CRIME,quot
SvB_BS_333,Det första chiffret,Denise Rudberg,F,no,Bonnier Audio,2019-05-13,bestseller,,OTHER,dash
SvB_BS_334,Julafton på den lilla ön i havet,Jenny Colgan,F,transl,Norstedts,2019-10-24,bestseller,,ROMANCE,quot
