id,title,all_authors,author_gender,category,orthography,rfdsd,mninsl,wc
aug002,En obeskrivlig människa,Kerstin Strandberg,F,PRESTIGE,quot,81541,13.824719101123595,75447
aug006,I min ungdom speglade jag mig ofta,Per Gunnar Evander,M,PRESTIGE,dash,143118,12.124050632911393,33462
aug011,Har någon sett mig någon annanstans? Skärvor ur en ganska lång natt,Beate Grimsrud,F,PRESTIGE,dash,164949,8.649068322981366,33768
aug012,Stundande natten,Carl-Henning Wijkmark,M,PRESTIGE,quot,117294,14.357692307692307,31826
aug013,Världens sista,Daniel Sjölin,M,PRESTIGE,quot,100281,11.615839243498819,97995
aug016,Edelcrantz förbindelser,Malte Persson,M,PRESTIGE,dash,138266,12.602383531960998,84128
aug017,Ett annat liv,Per Olov Enquist,M,PRESTIGE,quot,23581,7.997058823529412,115305
aug019,Den siste greken,Aris Fioretos,M,PRESTIGE,quot,145883,13.56303837118246,118725
aug020,En liten historia,Eva Adolfsson,F,PRESTIGE,quot,49184,6.785714285714286,48288
aug022,Ränderna,Magnus Florin,M,PRESTIGE,dash,155774,11.546052631578947,33799
aug023,Kioskvridning 140 grader. En wästern,Peter Törnqvist,M,PRESTIGE,dash,100359,9.19718309859155,78080
aug024,Darling River. Doloresvariationer,Sara Stridsberg,F,PRESTIGE,quot,66649,10.715686274509803,49198
aug026,Välkommen till den här världen:,Amanda Svensson,F,PRESTIGE,quot,156879,14.697231833910035,54150
aug027,Rekviem för John Cummings,Bengt Ohlsson,M,PRESTIGE,dash,82787,6.662576687116564,131180
aug029,Lacrimosa,Eva-Marie Liffner,F,PRESTIGE,quot,144770,12.394736842105264,74829
aug030,Korparna,Tomas Bannerhed,M,PRESTIGE,dash,229615,10.294147843942506,87333
aug031,Springa med åror,Cilla Naumann,F,PRESTIGE,quot,62650,9.625,56536
aug032,Ett kort uppehåll på vägen från Auschwitz,Göran Rosenberg,M,PRESTIGE,quot,65739,13.839285714285714,82523
aug033,En storm kom från paradiset,Johannes Anyuru,M,PRESTIGE,quot,92236,9.93046357615894,65029
aug037,Liknelseboken. En kärleksroman,Per Olov Enquist,M,PRESTIGE,dash,31544,7.941463414634146,51611
aug038,Porslinsfasaderna,Sven Olov Karlsson,M,PRESTIGE,dash,55392,12.408695652173913,51524
aug039,Alkemistens dotter. Slutet på universum,Carl-Michael Edenborg,M,PRESTIGE,dash,338441,14.314814814814815,79940
aug041,Ett så starkt ljus,Lyra Ekström Lindbäck,F,PRESTIGE,quot,124398,12.091757387247279,62501
aug042,Beckomberga. Ode till min familj,Sara Stridsberg,F,PRESTIGE,quot,271222,10.030276816608996,42751
aug045,Mary,Aris Fioretos,M,PRESTIGE,quot,88580,8.49307774227902,90032
aug046,Masja,Carola Hansson,F,PRESTIGE,quot,106893,10.700688791484033,159870
aug047,Rörelsen. Den andra platsen,John Ajvide Lindqvist,M,PRESTIGE,quot,87467,6.626654898499559,85838
aug049,Bli som folk,Stina Stoor,F,PRESTIGE,dash,51121,6.662037037037037,28149
aug051,De polyglotta älskarna,Lina Wolff,F,PRESTIGE,dash,179771,9.618441971383147,67308
aug053,Aftonland,Therese Bohman,F,PRESTIGE,quot,130398,11.781609195402298,55024
aug054,Just nu är jag här,Isabelle Ståhl,F,PRESTIGE,quot,257060,9.049808429118775,55131
aug056,Hastigheten,Jörgen Gassilewski,M,PRESTIGE,dash,249971,16.907651715039577,51270
aug057,I en skog av sumak,Klas Östergren,M,PRESTIGE,quot,68294,6.567049808429119,75292
aug058,Sidonie & Nathalie. Från Limhamn till Lofoten,Sigrid Combüchen,F,PRESTIGE,quot,36660,7.172786177105832,90590
aug059,Socialdemokratiska noveller,Björn Runeborg,M,PRESTIGE,dash,159423,10.85287356321839,29613
aug060,Människan är den vackraste staden,Sami Said,M,PRESTIGE,quot,159794,12.274881516587678,81042
aug061,Väderfenomen,Anna Fock,F,PRESTIGE,quot,309824,14.112889983579638,110963
aug062,Odenplan,Daniel Gustafsson,M,PRESTIGE,dash,104262,11.27863247863248,63283
aug065,Splendor,Stefan Lindberg,M,PRESTIGE,quot,95284,7.365183246073299,59055
bstream_001,Alla kan se dig,Anna Jansson,F,CRIME,quot,410025,22.653333333333332,82873
bstream_002,"Falleri, fallera, falleralla",Carin Gerhardsen,F,CRIME,dash,311278,11.75919411576591,118129
bstream_003,Hämnaren,"Dag Öhrlund, Dan Buthler",M,CRIME,quot,221685,14.27912087912088,87922
bstream_004,Vita spår,Emelie Schepp,F,CRIME,dash,330464,8.219756427604871,91907
bstream_005,Dominodöden,Jonas Moström,M,CRIME,quot,364783,11.11865761086696,76292
bstream_006,Den gränslöse,Jussi Adler-Olsen,M,CRIME,quot,436729,19.7868990722519,161157
bstream_007,Skymningsflickan,Katarina Wennstam,F,CRIME,quot,290277,13.843003412969283,97810
bstream_008,En mörkare himmel : Gran Canaria,"Mari Jungstedt, Ruben Eliassen",2,CRIME,dash,230235,11.294952681388013,93309
bstream_009,I sanningens namn,Viveca Sten,F,CRIME,quot,262504,9.4906353286816,98448
bstream_010,Rädslans fångar : Ett nytt fall för Maria Wern,Anna Jansson,F,CRIME,quot,378923,19.5794551645857,91045
bstream_011,Kärlek sökes,Carin Hjulström,F,ROMANCE,dash,386151,12.747147147147148,109926
bstream_012,Där inga ögon ser,Dag Öhrlund,M,CRIME,quot,368458,14.55,75029
bstream_013,Motvind,"Dag Öhrlund, Dan Buthler",M,CRIME,quot,266508,15.214747736093143,88260
bstream_014,På sex meters djup,Denise Rudberg,F,CRIME,dash,556170,24.775742261528745,70518
bstream_015,Prio ett,Emelie Schepp,F,CRIME,dash,358991,8.097324723247233,97802
bstream_017,Mordbrännaren,"Anders Gustafson, Johan Kant",M,CRIME,dash,234226,9.576398683591913,86963
bstream_018,Midnattsflickor,Jonas Moström,M,CRIME,quot,323680,10.522837370242215,93954
bstream_019,När livet börjar om,Lucy Dillon,F,ROMANCE,quot,394857,14.602254850550603,141046
bstream_020,Välkommen hem,Ninni Schulman,F,CRIME,quot,314983,9.72094254699497,116565
bstream_021,Sov du lilla videung,"Cilla Börjlind, Rolf Börjlind",2,CRIME,dash,212057,7.200622524052066,120001
bstream_022,Den hemliga kvinnan,Anna Ekberg,F,CRIME,dash,220349,10.619759236197593,116102
bstream_023,Det du inte vet,Anna Jansson,F,CRIME,quot,413040,20.25974025974026,86868
bstream_024,Tryggare kan ingen vara,Dag Öhrlund,M,CRIME,quot,435706,15.721854304635762,103524
bstream_025,Uppståndelsen,"Dag Öhrlund, Dan Buthler",M,CRIME,quot,295848,15.81383370125092,72642
bstream_026,De sju som såg,Denise Rudberg,F,CRIME,dash,558191,24.884418901660283,69813
bstream_027,Trogen intill döden,Jonas Moström,M,CRIME,quot,380638,11.880944881889764,99102
bstream_028,Prästens lilla flicka,Susan Casserfelt,F,CRIME,quot,261217,10.83152664859982,91805
bstream_029,Den tatuerade cirkeln,Susan Casserfelt,F,CRIME,quot,323216,10.39056603773585,119267
bstream_030,Kvinnan på bänken,Anna Jansson,F,CRIME,quot,457457,18.963963963963963,78226
bstream_031,Bakom stängda dörrar,B.A. Paris,F,CRIME,quot,316943,12.07090909090909,83788
bstream_033,5:e Moseboken,Christina Larsson,F,CRIME,quot,522490,20.942736842105262,95196
bstream_034,Nådastöten,Christina Larsson,F,CRIME,quot,482448,19.0013117621338,90074
bstream_035,Se till mig som liten är,Dag Öhrlund,M,CRIME,quot,431552,14.61013532968615,117578
bstream_036,Domaren,Dag Öhrlund,M,CRIME,quot,230899,13.084049079754601,92365
bstream_037,Hämndens pris,Erik Lewin,M,CRIME,quot,196973,22.465945945945947,105502
bstream_038,Änglabarnet,"Anders Gustafson, Johan Kant",M,CRIME,quot,197395,10.882352941176471,22493
bstream_039,Skuggorna ruva,Jonas Moström,M,CRIME,quot,396588,11.571637000291801,99993
bstream_040,Ondskans ansikte,Mats Ahlstedt,M,CRIME,dash,399884,15.331062670299728,84422
bstream_042,Mitt hjärta är ditt,Anna Jansson,F,CRIME,quot,497127,19.650862068965516,91707
bstream_043,Dotter saknad,Anna Jansson,F,CRIME,quot,382773,17.894359892569383,104438
bstream_044,Ingen lämnas kvar,Dag Öhrlund,M,CRIME,quot,464917,16.216070222822417,103313
bstream_045,Under nio nätter,Denise Rudberg,F,CRIME,dash,558740,21.055425904317385,64590
bstream_046,Snödrev,Helene Tursten,F,CRIME,dash,301275,14.658396946564885,101980
bstream_047,Offer 2117,Jussi Adler-Olsen,M,CRIME,quot,387409,19.611764705882354,146300
bstream_048,Sista färjan från Ystad,Karin Alfredsson,F,CRIME,dash,258849,11.686847599164928,43253
bstream_049,Trojanen,Mats Ahlstedt,M,CRIME,dash,442179,15.915303983228512,85843
bstream_050,Morden på Mörkö,Samuel Karlsson,M,CRIME,quot,339248,14.593675131768087,89778
bstream_052,När regnen upphör,Dag Öhrlund,M,CRIME,quot,418421,16.785714285714285,90985
bstream_053,Dödslistan,Anna Jansson,F,CRIME,quot,414593,19.302873292510597,98844
bstream_055,Fruset guld,"Cilla Börjlind, Rolf Börjlind",2,CRIME,dash,293008,8.029275808936825,106707
bstream_059,Offermakaren,Viveca Sten,F,CRIME,quot,197326,8.849724264705882,97590
bstream_060,De sju systrarna,Lucinda Riley,F,ROMANCE,quot,453768,16.443578081004983,167310
bstream_062,Ödesmark,Stina Jackson,F,CRIME,dash,186471,9.639634494574528,90518
bstream_063,Tio grisar nere,Denise Rudberg,F,CRIME,dash,501607,18.462952326249283,64082
bstream_064,Sovsågott,Anders Roslund,M,CRIME,dash,275661,12.936438356164384,85645
bstream_065,Skuggan bakom dig,Anna Jansson,F,CRIME,quot,462191,19.85610963075752,112858
orig_001,1986 - S1,Jesper Ersgård,M,CRIME,dash,289588,10.991203703703704,81982
orig_002,1986 - S2,Jesper Ersgård,M,CRIME,dash,245992,10.053846153846154,85011
orig_003,1986 - S3,Jesper Ersgård,M,CRIME,dash,320458,12.004885197850513,76684
orig_004,42 kilo kärlek,Felicia Welander,F,ROMANCE,quot,261335,10.348484848484848,88859
orig_005,Akademin,Eva Maria Fredensborg,F,CRIME,quot,317842,15.667901806391848,106427
orig_006,Akademin 2 - Pojken som försvann,Eva Maria Fredensborg,F,CRIME,quot,298482,13.801386623164763,113377
orig_008,Änkornas begravningsbyrå,Johanna Nilsson,F,OTHER,quot,406842,11.329853181076672,85355
orig_009,Annars tar jag dig - S1,C S Duffy,F,CRIME,quot,284594,14.156666666666666,89538
orig_010,Av jord är du kommen,Marko Kilpi,M,CRIME,dash,236569,8.050814010853479,68982
orig_011,Bergtagen - S1,"Linda Skugge, Sigrid Tollgård",F,CRIME,dash,252757,13.829903147699758,90391
orig_012,"Blod, tvätt & dårar - S1",Max Landergård,M,OTHER,quot,414993,11.017857142857142,78799
orig_013,Blodet ropar - S1,Edmond Alonso,M,CRIME,quot,274340,11.343216531895777,92039
orig_014,Byvalla - S1,Karin Janson,F,ROMANCE,quot,382500,10.526952315134762,79647
orig_015,Byvalla - S2,Karin Janson,F,ROMANCE,quot,392170,9.397357992073976,90698
orig_016,Byvalla - S3,Karin Janson,F,ROMANCE,quot,361314,8.956997863247864,92814
orig_017,Centralgången - Del 1,"Felicia Welander, Gunnar Svensén, Karin Janson, Magnus Abrahamsson, Storytel Writers' Room",2,ROMANCE,quot,266105,9.425601425601426,119261
orig_018,Dalagatan 14 - S1,"Karina Berg Johansson, Magnus Nordin",2,CRIME,quot,251343,8.085672621217645,88242
orig_019,De herrelösa hundarna - S1,Fredrik Hardenborg,M,CRIME,quot,187074,7.9475012619888945,84159
orig_020,De själlösa - S1,Helene Holmström,F,CRIME,quot,271067,13.55718954248366,91826
orig_021,Deadline - S1,Carl V Andersson,M,CRIME,quot,382279,12.59092970521542,72625
orig_026,Dolt nummer - S1,Niklas Lindroth,M,CRIME,quot,245082,8.152596115735236,83927
orig_027,Drömmen om Tom,Sara Dalengren,F,ROMANCE,quot,216952,10.027762656505171,84908
orig_028,Ellen Holms - privatdetektiv - S1,Nicolet Steemers,F,CRIME,quot,388029,11.637691485571786,84187
orig_029,En andra chans - S1,Martyn van Beek,M,CRIME,quot,350920,16.96684250188395,64160
orig_030,En annan strand,Klas Lundström,M,ROMANCE,dash,359661,9.064239194789817,85133
orig_031,En ohelig allians - S1,Maria Vickberg,F,CRIME,quot,316236,11.858410649455426,92959
orig_032,Evas första vecka som död - S1,Anders Fager,M,OTHER,quot,203574,8.106407322654462,69606
orig_033,Fader Malakis ögon - S01,Marko Hautala,M,CRIME,quot,110439,8.574186991869919,76395
orig_034,Förändringarnas vindar - Del 1,Veronica Almer,F,ROMANCE,quot,296809,10.958503401360543,162822
orig_035,Gäddsimmerskan - S1,Cecilia Klang,F,ROMANCE,quot,389416,11.959515570934256,88756
orig_036,Gäddsimmerskan och bryggmästarens kärlek - S2E1,Cecilia Klang,F,ROMANCE,quot,380636,12.315186246418339,90333
orig_037,Graffitimorden,Christian Holmqvist,M,CRIME,quot,176994,11.61923076923077,85342
orig_038,Gustav III checkar in - S1,Christian Holmqvist,M,OTHER,quot,399533,14.9401833092137,77518
orig_039,Gustav III checkar in - S2,Christian Holmqvist,M,OTHER,quot,462467,17.403368421052633,89375
orig_040,Gustav III checkar in – julspecial,Christian Holmqvist,M,OTHER,quot,411661,14.835443037974683,14235
orig_041,Ha ett underbart år,Tove Meyer,F,ROMANCE,quot,229216,10.74468085106383,81517
orig_042,Härifrån till dig,Albert Lindemalm,M,ROMANCE,quot,238186,9.057786885245902,92789
orig_043,I krig och kärlek,"Caroline Grimwalker, Leffe Grimwalker",2,ROMANCE,quot,235388,9.571912832929781,83972
orig_044,Jordbunden - S1,Erik Thulin,M,CRIME,dash,231043,10.957556935817806,91628
orig_045,Jordbunden - S2,Erik Thulin,M,CRIME,quot,224528,12.55153029356652,89499
orig_046,Jordbunden - S3,Erik Thulin,M,CRIME,quot,260223,14.163498098859316,85888
orig_047,Jul i Byvalla,Karin Janson,F,ROMANCE,quot,421966,10.150568181818182,16935
orig_048,Jul på Huvudkontoret,Gunnar Svensén,M,ROMANCE,quot,203730,7.896033885252214,100653
orig_049,Jungfruresan - S1,Joel Arvidsson,M,OTHER,quot,221385,10.85752833243389,90878
orig_050,Kalla fötter - S1,Karin Janson,F,ROMANCE,quot,345558,9.949240121580548,94725
orig_051,Kämpa tjejer! - S1,Jenny Gromark Wennberg,F,ROMANCE,quot,326726,14.548580786026202,81576
orig_052,Kropparna i Timmerdalen - S1,Gustaf Gustafsson,M,OTHER,quot,296345,11.994573260976813,82043
orig_053,Lillforsa Ladies,Karin Janson,F,ROMANCE,quot,265076,9.446129032258064,110470
orig_054,Majken Linds mordmysterier - S1,"Boel Bermann, Olle Söderström",2,CRIME,quot,495460,22.150691952844696,87224
orig_055,Maskeradstaden,Maria Monciu,F,OTHER,quot,479974,20.344954128440367,92405
orig_056,Mördarens syster,Emma Andersson,F,CRIME,quot,228999,8.554361306324928,90363
orig_057,Mörkermannen,Anna Bågstam,F,CRIME,quot,376676,10.034025895814514,88466
orig_058,Mörkt arv - S1,Arianna Bommarco,F,CRIME,quot,404719,17.233138608603294,80179
orig_059,Nära gränsen – Gisslan,Daniel Åberg,M,CRIME,quot,251528,14.12563580874873,110409
orig_060,Nära gränsen – Hotet,Daniel Åberg,M,CRIME,quot,350366,17.354082092918357,109811
orig_061,Nina i Granbergsbyn - S1,Anna Holmström Degerman,F,ROMANCE,quot,175362,7.40324118207817,88571
orig_062,Nina i Granbergsbyn - S2,Anna Holmström Degerman,F,ROMANCE,quot,208782,7.269147555170922,80462
orig_063,Ögonvittnet,Anna Bågstam,F,CRIME,quot,378115,15.688722430295464,99705
orig_064,Önskebrunnen - S1,"Felicia Welander, Peo Bengtsson",2,CRIME,quot,190640,10.157436216552583,85622
orig_065,Panopticon,JC Koldemo,F,OTHER,quot,216038,14.012969283276451,95025
orig_067,Ryggdjur,Hanna von Corswant,F,CRIME,quot,144962,18.556732223903175,84615
orig_068,Saknad - S1,Lone Theils,F,CRIME,quot,413217,13.772116903633492,84389
orig_069,Samtal pågår,"Henrik Karlsson, Tiina Nevala",2,ROMANCE,quot,332284,9.504540071061982,72453
orig_070,Sekten - S1,Maria Nordström,F,CRIME,quot,315059,11.763621123218776,89088
orig_071,Semesterkaos på Huvudkontoret,Gunnar Svensén,M,ROMANCE,quot,212989,6.811463046757164,21203
orig_072,Skuggspelet,Anna Bågstam,F,CRIME,quot,430779,11.676762262128117,101133
orig_073,Slutspel,Nina Hampusson,F,OTHER,quot,424612,13.492957746478874,90247
orig_074,Sofia Tholls kabinett - S1,Elisabeth Östnäs,F,CRIME,quot,231138,11.53012048192771,86948
orig_075,Stackars Birger - S1,Martina Montelius,F,OTHER,quot,348943,38.636740331491715,80165
orig_076,Stockholm Psycho,Anna Bågstam,F,CRIME,quot,288830,13.916885849552868,91597
orig_077,Storm,Karina Berg Johansson,F,CRIME,quot,277166,6.129422301836095,49382
orig_078,Summer Karlsson - S1,Johanna Nilsson,F,ROMANCE,quot,466809,13.225161669606115,96382
orig_079,Summer Karlsson - S2,Johanna Nilsson,F,ROMANCE,quot,462947,14.926759556984637,90248
orig_080,Summer Karlsson - S3,Johanna Nilsson,F,ROMANCE,quot,433928,13.997887621461766,76356
orig_081,Svart stjärna - S1,"Jesper Ersgård, Joakim Ersgård",M,OTHER,dash,179724,10.7063550036523,81553
orig_082,Svart stjärna - S2,"Jesper Ersgård, Joakim Ersgård",M,OTHER,dash,171178,9.80373185901866,82873
orig_083,Svart stjärna - S3,"Jesper Ersgård, Joakim Ersgård",M,OTHER,dash,80347,8.217043941411452,76804
orig_085,Tick Tack - S1,Leffe Grimwalker,M,CRIME,quot,195361,10.469225678358702,80973
orig_086,Tick Tack - S2,Leffe Grimwalker,M,CRIME,quot,176407,10.069895769466585,93103
orig_087,Tick Tack - S3,Leffe Grimwalker,M,CRIME,quot,229996,11.289094650205762,95419
orig_088,Tio platser du måste besöka efter min död,Karin Wallén,F,ROMANCE,quot,289123,11.227994847574067,90446
orig_089,Utpost,Dmitry Glukhovsky,M,OTHER,quot,300472,15.151712887438826,92734
orig_091,Vargland - S1,Björn Olofsson,M,CRIME,quot,228959,11.95427435387674,78787
orig_092,Vargland - S2,Björn Olofsson,M,CRIME,quot,228092,12.233056708160442,77552
orig_093,Vespers vidunderliga äventyr,Ida Kjellin,F,OTHER,quot,230930,13.142424242424243,93903
orig_094,Victoria Bonde - Jakten,Leffe Grimwalker,M,CRIME,quot,253637,12.291800049248954,196805
orig_095,Virus:1,Daniel Åberg,M,OTHER,quot,189164,11.632262996941895,80433
orig_096,Virus:2,Daniel Åberg,M,OTHER,quot,242165,14.286972938955318,93746
orig_097,Virus:3,Daniel Åberg,M,OTHER,quot,254351,15.402858999350228,93198
orig_098,Virus:4,Daniel Åberg,M,OTHER,quot,307714,16.48902305159166,97633
orig_099,Virus:5,Daniel Åberg,M,OTHER,quot,315968,15.247668393782384,93136
orig_100,Virus:6,Daniel Åberg,M,OTHER,quot,272601,14.023081052066559,95836
orig_101,Virus:7,Daniel Åberg,M,OTHER,quot,256191,14.348927875243664,114930
orig_102,Westins bageri & kafé - S1,Solja Krapu-Kallio,F,ROMANCE,dash,207498,9.112941176470589,93326
orig_103,Westins bageri & kafé - S2,Solja Krapu-Kallio,F,ROMANCE,dash,243243,8.620920173023988,90128
orig_104,Westins bageri & kafé - S3,Solja Krapu-Kallio,F,ROMANCE,dash,221458,7.655922980326497,82589
orig_105,Westins bageri & kafé - S4,Solja Krapu-Kallio,F,ROMANCE,dash,206435,7.7713523131672595,84627
SvB_BS_001,Da Vinci-koden,Dan Brown,M,CRIME,quot,320436,12.572504182933631,140699
SvB_BS_002,Tjuvarnas marknad,Jan Guillou,M,CRIME,quot,327220,19.06084533209475,125414
SvB_BS_004,Skuggorna och regnet,Håkan Nesser,M,CRIME,quot,129897,9.531558935361216,96492
SvB_BS_006,Boken om Blanche och Marie,Per Olov Enquist,M,PRESTIGE,dash,19464,7.474452554744525,52610
SvB_BS_007,Gregorius,Bengt Ohlsson,M,PRESTIGE,dash,73721,13.396935933147633,130479
SvB_BS_008,Den röda vargen,Liza Marklund,F,CRIME,dash,313947,9.029500136574706,105295
SvB_BS_009,"En annan tid, ett annat liv",Leif G.W. Persson,M,CRIME,dash,373864,11.871893415321548,123938
SvB_BS_010,Bortom sanningen,Anne Holt,F,CRIME,dash,412632,12.272727272727273,93570
SvB_BS_011,Ett öga rött,Jonas Hassen Khemiri,M,OTHER,quot,162010,14.050632911392405,47960
SvB_BS_012,Solstorm,Åsa Larsson,F,CRIME,dash,327974,11.479379157427937,78927
SvB_BS_013,Änglar och demoner,Dan Brown,M,CRIME,quot,287595,10.732291404083691,148038
SvB_BS_014,I cirkelns mitt,Dan Brown,M,CRIME,quot,331082,13.015997754701095,140074
SvB_BS_015,Linda - som i Lindamordet,Leif G.W. Persson,M,CRIME,dash,357946,11.929448537620004,149274
SvB_BS_016,Gangsters,Klas Östergren,M,PRESTIGE,quot,215266,8.827464788732394,139753
SvB_BS_017,Kennedys hjärna,Henning Mankell,M,OTHER,dash,326290,15.125291103865859,99525
SvB_BS_018,Stenhuggaren,Camilla Läckberg,F,CRIME,quot,258079,15.48504188272836,150423
SvB_BS_019,Efter alla år av saknad,Peter Robinson,M,CRIME,quot,482239,13.352975609756097,141909
SvB_BS_020,Det blod som spillts,Åsa Larsson,F,CRIME,dash,221912,10.22797131147541,89968
SvB_BS_021,Predikanten,Camilla Läckberg,F,CRIME,quot,357858,19.877303370786517,123588
SvB_BS_022,Små citroner gula,Kajsa Ingemarsson,F,ROMANCE,quot,279045,9.613653699466056,90333
SvB_BS_023,Tillsammans är man mindre ensam,Anna Gavalda,F,ROMANCE,dash,473544,10.838243468593664,123524
SvB_BS_024,Madame Terror,Jan Guillou,M,CRIME,quot,193781,18.104734576757533,130240
SvB_BS_025,Nobels testamente,Liza Marklund,F,CRIME,dash,344142,9.862481315396114,115034
SvB_BS_026,Flickan som lekte med elden,Stieg Larsson,M,CRIME,quot,300983,15.874040375319876,185489
SvB_BS_027,Olycksfågeln,Camilla Läckberg,F,CRIME,quot,361060,14.448844884488448,121254
SvB_BS_028,Svart stig,Åsa Larsson,F,CRIME,dash,232828,11.323772484200292,100044
SvB_BS_029,Människa utan hund,Håkan Nesser,M,CRIME,quot,254467,11.010978043912175,130072
SvB_BS_030,Svinalängorna,Susanna Alakoski,F,PRESTIGE,dash,98670,7.737206085753804,56694
SvB_BS_031,Mannen som dog som en lax,Mikael Niemi,M,OTHER,dash,190697,7.007310704960836,70368
SvB_BS_032,Skam,Karin Alvtegen,F,OTHER,quot,192111,16.212637913741222,84139
SvB_BS_033,Den amerikanska flickan,Monika Fagerholm,F,PRESTIGE,quot,124841,8.787704130643611,146554
SvB_BS_034,Den ryske vännen,Kajsa Ingemarsson,F,OTHER,quot,185282,8.748109640831759,99907
SvB_BS_035,En lek med eld,Peter Robinson,M,CRIME,quot,485669,12.38939708939709,122703
SvB_BS_036,Män som hatar kvinnor,Stieg Larsson,M,CRIME,quot,367056,19.698928223449172,165242
SvB_BS_037,Isprinsessan,Camilla Läckberg,F,CRIME,quot,308465,24.175205566097407,123907
SvB_BS_038,Mordet på Harriet Krohn,Karin Fossum,F,CRIME,dash,287581,11.040584415584416,70947
SvB_BS_039,Mossvikenfruar - Chansen,Emma Hamberg,F,ROMANCE,quot,215185,13.094736842105263,69373
SvB_BS_040,Box 21,Roslund & Hellström,M,CRIME,dash,151465,9.101827676240209,92061
SvB_BS_041,Flickan med majblommorna,Karin Wahlberg,F,CRIME,dash,222375,9.058588548601865,122370
SvB_BS_042,Luftslottet som sprängdes,Stieg Larsson,M,CRIME,quot,433508,16.113519470977224,202354
SvB_BS_043,Tyskungen,Camilla Läckberg,F,CRIME,quot,354111,14.453224101479915,154446
SvB_BS_044,Livstid,Liza Marklund,F,CRIME,dash,335079,9.788879480666102,103504
SvB_BS_045,Faller fritt som i en dröm,Leif G.W. Persson,M,CRIME,dash,378202,12.267982799061768,165951
SvB_BS_046,En helt annan historia,Håkan Nesser,M,CRIME,quot,377910,10.800743340904399,138414
SvB_BS_047,Fienden inom oss,Jan Guillou,M,CRIME,quot,246192,17.427050720100187,113046
SvB_BS_049,Tusen strålande solar,Khaled Hosseini,M,OTHER,quot,202740,11.585197018104367,107315
SvB_BS_050,Skugga,Karin Alvtegen,F,CRIME,quot,212938,17.26130198915009,89655
SvB_BS_051,En märklig affär,Peter Robinson,M,CRIME,quot,487628,13.371402042711235,118131
SvB_BS_052,Flyga drake,Khaled Hosseini,M,OTHER,quot,207063,9.551738943752683,107436
SvB_BS_053,Den döende dandyn,Mari Jungstedt,F,CRIME,dash,265157,13.22013422818792,74288
SvB_BS_054,Snabba cash,Jens Lapidus,M,CRIME,quot,195113,18.601413427561837,134901
SvB_BS_055,Montecore,Jonas Hassen Khemiri,M,PRESTIGE,quot,111281,9.682726204465334,74047
SvB_BS_056,Nu vill jag sjunga dig milda sånger,Linda Olsson,F,OTHER,quot,133318,13.414523449319214,66510
SvB_BS_057,Aldrig fucka upp,Jens Lapidus,M,CRIME,quot,229233,16.61512195121951,148587
SvB_BS_058,Men inte om det gäller din dotter,Jan Guillou,M,CRIME,quot,203142,17.557966101694916,127487
SvB_BS_059,Sjöjungfrun,Camilla Läckberg,F,CRIME,quot,295107,12.711298482293424,127713
SvB_BS_060,Kinesen,Henning Mankell,M,CRIME,dash,238555,12.52086137281292,155989
SvB_BS_061,En plats i solen,Liza Marklund,F,CRIME,dash,337797,9.642687917294852,132538
SvB_BS_062,Den som dödar draken,Leif G.W. Persson,M,CRIME,dash,433515,11.524928958925342,102910
SvB_BS_063,Till dess din vrede upphör,Åsa Larsson,F,CRIME,dash,274494,10.619609856262834,75364
SvB_BS_064,Nattfåk,Johan Theorin,M,CRIME,quot,251082,7.514988009592326,99848
SvB_BS_065,Midvinterblod,Mons Kallentoft,M,CRIME,quot,318276,10.025260029717682,105993
SvB_BS_066,Mig äger ingen,Åsa Linderborg,F,PRESTIGE,dash,76433,9.755411255411255,58967
SvB_BS_067,Den förlorade symbolen,Dan Brown,M,CRIME,quot,303688,11.636274749450012,156753
SvB_BS_068,Fyrvaktaren,Camilla Läckberg,F,CRIME,quot,347172,12.84566006140106,132574
SvB_BS_069,Den orolige mannen,Henning Mankell,M,CRIME,dash,336080,13.690212995416553,151086
SvB_BS_070,Hypnotisören - Black edition,Lars Kepler,2,CRIME,dash,298365,7.247855917667239,141622
SvB_BS_071,Tre sekunder,Roslund & Hellström,M,CRIME,dash,219106,9.604916897506925,126601
SvB_BS_072,Hundraåringen som klev ut genom fönstret och försvann,Jonas Jonasson,M,OTHER,dash,127939,11.994876174210077,109787
SvB_BS_073,Den dubbla tystnaden,Mari Jungstedt,F,CRIME,dash,325610,15.206521739130435,77338
SvB_BS_074,Den mörka ängeln,Mari Jungstedt,F,CRIME,dash,329688,15.899644128113879,67758
SvB_BS_075,Sommardöden,Mons Kallentoft,M,CRIME,quot,245132,9.152962962962963,100815
SvB_BS_076,Snömannen,Jo Nesbø,M,CRIME,quot,346563,10.527475130270014,128251
SvB_BS_077,Paganinikontraktet,Lars Kepler,2,CRIME,dash,297429,8.15560737757049,129342
SvB_BS_078,Blodläge,Johan Theorin,M,CRIME,quot,228966,7.569444444444445,107112
SvB_BS_079,Den döende detektiven,Leif G.W. Persson,M,CRIME,dash,519847,11.174757281553399,119562
SvB_BS_080,Postcard Killers,Liza Marklund,F,CRIME,dash,297196,8.090739008419083,58204
SvB_BS_081,1222 över havet,Anne Holt,F,CRIME,dash,273165,10.459655485040798,84469
SvB_BS_082,Bara vanligt vatten,Kajsa Ingemarsson,F,ROMANCE,quot,215626,9.050412987752777,147366
SvB_BS_083,Boktjuven,Markus Zusak,M,OTHER,quot,135410,6.6379655586704045,122406
SvB_BS_084,Igelkottens elegans,Muriel Barbery,F,OTHER,dash,94407,7.588628762541806,72103
SvB_BS_085,Höstoffer,Mons Kallentoft,M,CRIME,quot,241019,10.524313725490195,111348
SvB_BS_086,I den innersta kretsen,Viveca Sten,F,CRIME,quot,287653,11.717557251908397,90717
SvB_BS_087,Eldvittnet,Lars Kepler,2,CRIME,dash,267257,7.611351611351611,118418
SvB_BS_088,Änglamakerskan,Camilla Läckberg,F,CRIME,quot,367331,13.90762331838565,126646
SvB_BS_089,En dag,David Nicholls,M,OTHER,quot,309155,8.781102023245802,131963
SvB_BS_090,Livet deluxe,Jens Lapidus,M,CRIME,quot,211579,15.575235109717868,140898
SvB_BS_091,Brobyggarna,Jan Guillou,M,OTHER,quot,160291,16.26392644672796,187609
SvB_BS_092,Niceville,Kathryn Stockett,F,OTHER,quot,281277,11.059005472281704,165250
SvB_BS_093,"Du gamla, du fria",Liza Marklund,F,CRIME,dash,285543,9.868194842406877,96490
SvB_BS_094,Pansarhjärta,Jo Nesbø,M,CRIME,quot,428289,12.809923130677848,171202
SvB_BS_095,Det fjärde offret,Mari Jungstedt,F,CRIME,dash,282908,13.852805280528052,74183
SvB_BS_096,Drömmen förde dej vilse,Anna Jansson,F,CRIME,quot,369165,19.789135514018692,91772
SvB_BS_098,Det fördolda,"Hans Rosenfeldt, Michael Hjorth",M,CRIME,dash,211776,10.384267971396312,130284
SvB_BS_099,Huvudjägarna,Jo Nesbø,M,CRIME,quot,272314,12.096560846560847,67165
SvB_BS_101,Sankta Psyko,Johan Theorin,M,CRIME,quot,216283,7.244540039708802,101224
SvB_BS_102,Tusenskönor,Kristina Ohlsson,F,CRIME,dash,342146,11.597782258064516,100878
SvB_BS_103,I grunden utan skuld,Viveca Sten,F,CRIME,quot,224962,11.156884256719692,90411
SvB_BS_104,I natt är du död,Viveca Sten,F,CRIME,quot,307224,10.226947941476693,97834
SvB_BS_105,Den femte årstiden,Mons Kallentoft,M,CRIME,quot,185562,10.877138413685847,113073
SvB_BS_106,Utrensning,Sofi Oksanen,F,PRESTIGE,dash,94214,9.552757793764988,84563
SvB_BS_107,Ensamma hjärtan och hemlösa hundar,Lucy Dillon,F,ROMANCE,quot,367188,13.5129111171514,135391
SvB_BS_108,Strindbergs stjärna,Jan Wallentin,M,CRIME,dash,194627,12.381917808219178,116104
SvB_BS_109,Sandmannen,Lars Kepler,2,CRIME,dash,224232,8.062330623306233,106140
SvB_BS_110,Änglavakter,Kristina Ohlsson,F,CRIME,dash,342201,11.141338695777076,113334
SvB_BS_111,Någonstans inom oss,Kajsa Ingemarsson,F,ROMANCE,quot,357637,13.089176829268293,96036
SvB_BS_112,Torka aldrig tårar utan handskar: 1. Kärleken,Jonas Gardell,M,OTHER,quot,106667,8.733242134062927,59850
SvB_BS_114,Dandy,Jan Guillou,M,OTHER,quot,136856,15.582677165354331,101223
SvB_BS_115,Den sista akten,Mari Jungstedt,F,CRIME,dash,276566,12.930775018811136,62137
SvB_BS_117,Två soldater,Roslund & Hellström,M,CRIME,dash,167463,8.186788154897494,150230
SvB_BS_118,Lärjungen,"Hans Rosenfeldt, Michael Hjorth",M,CRIME,dash,164593,8.065700185070943,158871
SvB_BS_119,I stundens hetta,Viveca Sten,F,CRIME,quot,287195,9.344947735191637,93386
SvB_BS_120,Till offer åt Molok,Åsa Larsson,F,CRIME,dash,292242,10.98356286095069,84601
SvB_BS_121,Gengångare,Jo Nesbø,M,CRIME,quot,304215,10.343165657097709,129096
SvB_BS_122,En man som heter Ove,Fredrik Backman,M,OTHER,dash,124230,8.075017692852088,91846
SvB_BS_123,Fjällgraven,"Hans Rosenfeldt, Michael Hjorth",M,CRIME,dash,162930,8.181950509461426,137998
SvB_BS_124,Helgonet,Carin Gerhardsen,F,CRIME,dash,343206,12.094067796610169,83163
SvB_BS_126,Felicia försvann,Felicia Feldt,F,OTHER,dash,98130,10.071428571428571,31611
SvB_BS_127,Den tomma stolen,J.K. Rowling ,F,OTHER,quot,203488,8.613089005235603,161690
SvB_BS_129,Vattenänglar,Mons Kallentoft,M,CRIME,quot,200954,10.123280423280423,95211
SvB_BS_130,Livet efter dig,Jojo Moyes,F,ROMANCE,quot,320823,11.322736905843174,116572
SvB_BS_131,Inferno,Dan Brown,M,CRIME,quot,257420,11.490074441687344,143905
SvB_BS_132,Little Bee,Chris Cleave,M,OTHER,quot,318663,15.560708702449192,93707
SvB_BS_133,Den sanna historien om Pinocchios näsa : en roman om ett brott,Leif G.W. Persson,M,CRIME,dash,408991,14.468937875751504,176532
SvB_BS_134,Analfabeten som kunde räkna,Jonas Jonasson,M,OTHER,dash,124765,9.441262848751835,103066
SvB_BS_135,Innan floden tar oss,Helena Thorfinn,F,OTHER,quot,307553,19.385270327799063,148059
SvB_BS_136,Mellan rött och svart,Jan Guillou,M,OTHER,quot,186859,16.35748407643312,109949
SvB_BS_137,Paradisoffer,Kristina Ohlsson,F,CRIME,dash,348765,12.553221288515406,102797
SvB_BS_138,Du går inte ensam,Mari Jungstedt,F,CRIME,dash,234452,11.553604436229206,53320
SvB_BS_139,Lyckliga gatan,Liza Marklund,F,CRIME,dash,295666,9.97221070095396,81318
SvB_BS_140,När skönheten kom till Bro,Anna Jansson,F,CRIME,quot,374612,18.362663495838287,82448
SvB_BS_141,Polis,Jo Nesbø,M,CRIME,quot,343090,11.79475982532751,149579
SvB_BS_142,För mycket lycka,Alice Munro,F,PRESTIGE,quot,153400,10.657287157287158,96291
SvB_BS_143,Kaffe med rån,Catharina Ingelman-Sundberg,F,CRIME,quot,304344,11.136292834890966,93966
SvB_BS_144,I farans riktning,Viveca Sten,F,CRIME,quot,296355,10.695864661654136,96003
SvB_BS_145,Min mormor hälsar och säger förlåt,Fredrik Backman,M,OTHER,dash,205014,11.02087114337568,118480
SvB_BS_146,Mörka platser,Gillian Flynn,F,CRIME,quot,234096,14.844251030691709,138426
SvB_BS_147,Gideons ring,Carin Gerhardsen,F,CRIME,dash,297966,13.01105216622458,98773
SvB_BS_148,Och bergen svarade,Khaled Hosseini,M,OTHER,quot,138641,9.59824046920821,118039
SvB_BS_149,Flaskpost från P,Jussi Adler-Olsen,M,CRIME,quot,330948,14.483754512635379,145473
SvB_BS_150,Torka aldrig tårar utan handskar: 2. Sjukdomen,Jonas Gardell,M,OTHER,quot,154782,9.524489795918367,60304
SvB_BS_151,Egenmäktigt förfarande : En roman om kärlek,Lena Andersson,F,PRESTIGE,dash,168635,10.1972049689441,38942
SvB_BS_152,Handen : ett fall för Wallander,Henning Mankell,M,CRIME,dash,391356,12.300242130750606,25961
SvB_BS_153,Rörgast,Johan Theorin,M,CRIME,quot,220726,7.662085449656408,116185
SvB_BS_154,Att inte vilja se,Jan Guillou,M,OTHER,quot,125682,14.052966101694915,105552
SvB_BS_155,Stalker,Lars Kepler,2,CRIME,dash,268397,8.304079382579934,140311
SvB_BS_156,Gone Girl,Gillian Flynn,F,CRIME,quot,278162,14.877005347593583,170023
SvB_BS_157,Lejontämjaren,Camilla Läckberg,F,CRIME,quot,354344,15.455757126990004,117812
SvB_BS_158,VIP-rummet,Jens Lapidus,M,CRIME,quot,310311,13.681833060556464,134697
SvB_BS_159,Sophies historia,Jojo Moyes,F,ROMANCE,quot,295083,11.725871106999692,128869
SvB_BS_160,Utan personligt ansvar,Lena Andersson,F,OTHER,dash,198985,11.882736156351791,73332
SvB_BS_161,Sonen,Jo Nesbø,M,CRIME,quot,339917,11.053935483870967,126013
SvB_BS_162,Än klappar hjärtan,Helena von Zweigbergk,F,OTHER,quot,230935,12.55012987012987,104614
SvB_BS_163,Jag heter inte Miriam,Majgull Axelsson,F,OTHER,quot,157226,9.091959129275878,130169
SvB_BS_164,Steglitsan,Donna Tartt,F,PRESTIGE,quot,306749,11.551728586171311,291929
SvB_BS_165,De underkända,"Hans Rosenfeldt, Michael Hjorth",M,CRIME,quot,203740,8.21980854197349,109576
SvB_BS_166,Blå stjärnan,Jan Guillou,M,OTHER,quot,231027,14.146793587174349,122224
SvB_BS_167,Det som inte dödar oss : Millennium 4,David Lagercrantz,M,CRIME,quot,380598,16.742103649187367,143448
SvB_BS_168,Bombmakaren och hans kvinna,Leif G.W. Persson,M,CRIME,dash,416305,13.923553719008265,145689
SvB_BS_169,Britt-Marie var här,Fredrik Backman,M,OTHER,dash,264961,10.87420814479638,90700
SvB_BS_170,Mördar-Anders och hans vänner (samt en och annan ovän),Jonas Jonasson,M,OTHER,dash,187987,11.36118363794604,69441
SvB_BS_171,Allt jag inte minns,Jonas Hassen Khemiri,M,PRESTIGE,dash,168481,8.60916860916861,65764
SvB_BS_172,STHLM DELETE,Jens Lapidus,M,CRIME,quot,252879,12.711688311688311,135472
SvB_BS_173,Det är något som inte stämmer,Martina Haag,F,OTHER,dash,198311,11.723146747352496,39075
SvB_BS_174,Playground,Lars Kepler,2,CRIME,quot,235847,7.631907894736842,98373
SvB_BS_175,Järnblod,Liza Marklund,F,CRIME,dash,304401,9.914297658862877,77907
SvB_BS_176,Arvet efter dig,Jojo Moyes,F,ROMANCE,quot,378227,12.494596841230258,119222
SvB_BS_177,Björndansen,Roslund & Thunberg,M,CRIME,dash,238687,9.748540637629098,181912
SvB_BS_179,Konsten att höra hjärtslag,Jan-Philipp Sendker,M,ROMANCE,quot,98965,11.386605783866058,75592
SvB_BS_180,Etthundra mil,Jojo Moyes,F,ROMANCE,quot,331539,9.987719787887245,107939
SvB_BS_181,Sista brevet från din älskade,Jojo Moyes,F,ROMANCE,quot,317030,10.79706939452585,123184
SvB_BS_182,Visning pågår,Sofie Sarenbrant,F,CRIME,quot,254462,10.052824988516306,86005
SvB_BS_184,Lotus blues,Kristina Ohlsson,F,CRIME,dash,342580,11.069209474007998,105044
SvB_BS_185,Offer utan ansikte,Stefan Ahnhem,M,CRIME,quot,272950,12.95183741648107,170445
SvB_BS_186,Öppnas i händelse av min död,Liane Moriarty,F,ROMANCE,quot,237154,9.219992567818656,104620
SvB_BS_187,Stoner,John Williams,M,OTHER,quot,240822,13.406882591093117,82505
SvB_BS_188,I skymningen sjunger koltrasten,Linda Olsson,F,OTHER,quot,348029,21.93073593073593,58225
SvB_BS_189,I maktens skugga,Viveca Sten,F,CRIME,quot,306196,10.743153219837158,94802
SvB_BS_190,Jakthundarna,Jørn Lier Horst,M,CRIME,quot,233246,8.915407854984894,88563
SvB_BS_191,Den stumma flickan,"Hans Rosenfeldt, Michael Hjorth",M,CRIME,quot,195287,9.14068863383932,126424
SvB_BS_192,Tre minuter,Roslund & Hellström,M,CRIME,dash,230923,12.072904483430799,134101
SvB_BS_193,Kaninjägaren,Lars Kepler,2,CRIME,dash,227930,8.148562300319488,134278
SvB_BS_194,Kan man dö två gånger? : En roman om ett brott,Leif G.W. Persson,M,CRIME,dash,432571,12.33200354609929,128631
SvB_BS_196,Simma med de drunknade,Lars Mytting,M,OTHER,quot,232869,10.909090909090908,112338
SvB_BS_197,Ljuset vi inte ser,Anthony Doerr,M,PRESTIGE,quot,134090,8.786610878661088,125289
SvB_BS_198,Avdelning 73,Sofie Sarenbrant,F,CRIME,quot,202393,8.883679525222552,73960
SvB_BS_199,Det andra ansiktet,Mari Jungstedt,F,CRIME,dash,209336,11.409413281753707,84534
SvB_BS_200,Störst av allt,Malin Persson Giolito,F,CRIME,quot,150358,11.476744186046512,105029
SvB_BS_201,Snövit ska dö,Nele Neuhaus,F,CRIME,quot,312036,11.47986852917009,134321
SvB_BS_202,Glöm mig,Alex Schulman,M,OTHER,quot,139921,7.38562091503268,48456
SvB_BS_205,Kvinna inför rätta,Louise Doughty,F,CRIME,quot,171834,13.44891008174387,114896
SvB_BS_206,Tiggaren,Sofie Sarenbrant,F,CRIME,quot,150465,7.934073107049608,80783
SvB_BS_207,Bakom din rygg,Sofie Sarenbrant,F,CRIME,quot,113356,7.0751020408163265,76458
SvB_BS_208,1968,Jan Guillou,M,OTHER,quot,159890,12.724845995893224,116274
SvB_BS_209,Slutet på sommaren,Anders de la Motte,M,CRIME,quot,212999,12.092819614711033,97254
SvB_BS_210,Arton grader minus,Stefan Ahnhem,M,CRIME,quot,297853,13.76762080640197,150178
SvB_BS_211,Återstoden av dagen,Kazuo Ishiguro,M,PRESTIGE,quot,304772,18.666666666666668,74600
SvB_BS_212,Ett litet liv,Hanya Yanagihara,F,PRESTIGE,quot,133230,7.8052559325357915,298724
SvB_BS_213,Hjärtats innersta röst,Jan-Philipp Sendker,M,ROMANCE,quot,177165,9.269662921348315,83820
SvB_BS_214,Vänd dig inte om,Tove Alsterdal,F,CRIME,quot,287000,12.931862938164631,114404
SvB_BS_215,De kommer att drunkna i sina mödrars tårar,Johannes Anyuru,M,PRESTIGE,quot,129114,8.248478701825558,62991
SvB_BS_216,Björnstad,Fredrik Backman,M,OTHER,dash,177180,13.006682867557716,120832
SvB_BS_217,Italienska skor,Henning Mankell,M,OTHER,dash,235732,12.331453634085213,83489
SvB_BS_218,Krigets gudar : Kejsaren IV,Conn Iggulden,M,OTHER,quot,246240,16.476401179941004,136099
SvB_BS_219,Vänaste land,Åke Edwardson,M,CRIME,quot,388225,6.819436112777445,87846
SvB_BS_220,I denna ljuva sommartid,Mari Jungstedt,F,CRIME,dash,366943,13.0633608815427,64615
SvB_BS_221,Lyckans hjul,Kajsa Ingemarsson,F,ROMANCE,quot,268685,9.932568149210903,103065
SvB_BS_222,Flickan under gatan,Roslund & Hellström,M,CRIME,dash,172471,10.132075471698114,77839
SvB_BS_223,Tröstaren,Karin Wahlberg,F,CRIME,dash,227230,11.279717373233582,119434
SvB_BS_224,Skumtimmen,Johan Theorin,M,CRIME,quot,269989,8.431103487707261,109234
SvB_BS_225,Tårtgeneralen,"Filip Hammar, Fredrik Wikingsson",M,OTHER,quot,96280,9.891797556719023,58870
SvB_BS_226,Ängelns lek,Carlos Ruiz Zafon,M,OTHER,dash,353904,13.64953853828885,154621
SvB_BS_227,Matthandlare Olssons död,Karin Wahlberg,F,CRIME,quot,191250,11.815233415233415,125720
SvB_BS_228,Bergens väktare : Erövraren III,Conn Iggulden,M,OTHER,quot,171871,16.21563981042654,159259
SvB_BS_229,Maskarna på Carmine Street,Håkan Nesser,M,CRIME,quot,212600,9.208521626856037,67093
SvB_BS_230,Den farliga leken,Mari Jungstedt,F,CRIME,dash,249505,14.249827467218772,82756
SvB_BS_231,De ensamma,Håkan Nesser,M,CRIME,quot,267303,11.086611771881671,135999
SvB_BS_232,Vårlik,Mons Kallentoft,M,CRIME,quot,228317,11.621819749892195,118042
SvB_BS_234,Alkemisten,Paulo Coelho,M,OTHER,quot,232343,14.163779527559056,38710
SvB_BS_235,Elva minuter,Paulo Coelho,M,OTHER,quot,154936,15.004347826086956,66821
SvB_BS_237,Låt den rätte komma in,John Ajvide Lindqvist,M,OTHER,quot,149776,6.652130492676432,133419
SvB_BS_238,Shantaram,Gregory David Roberts,M,OTHER,quot,296260,17.293491671807526,378489
SvB_BS_240,Femtio nyanser av honom,E.L. James,F,ROMANCE,quot,242363,8.628210709621245,163548
SvB_BS_241,Femtio nyanser av mörker,E.L. James,F,ROMANCE,quot,283015,7.863206705903335,155783
SvB_BS_242,Morgon i Jenin,Susan Abulhawa,F,OTHER,quot,138516,9.51453488372093,94516
SvB_BS_243,Femtio nyanser av frihet,E.L. James,F,ROMANCE,quot,274923,7.2430889423076925,175358
SvB_BS_244,Min fantastiska väninna,Elena Ferrante,F,OTHER,quot,107700,9.207011686143572,102414
SvB_BS_245,Hennes nya namn,Elena Ferrante,F,OTHER,quot,170196,10.450941129355225,153329
SvB_BS_246,Toner i natten,Jojo Moyes,F,ROMANCE,quot,306253,11.304519259933272,121700
SvB_BS_247,Kvinnan på tåget,Paula Hawkins,F,CRIME,quot,195771,12.400494437577256,102487
SvB_BS_248,Det lilla bageriet på strandpromenaden,Jenny Colgan,F,ROMANCE,quot,276620,7.86051026067665,102469
SvB_BS_249,Mannen som sökte sin skugga,David Lagercrantz,M,CRIME,quot,282838,14.442990654205607,109278
SvB_BS_250,Begynnelse,Dan Brown,M,CRIME,quot,336144,13.035794813979708,137593
SvB_BS_251,Häxan,Camilla Läckberg,F,CRIME,quot,344486,13.814829344841113,204444
SvB_BS_252,Det förlorade barnet,Elena Ferrante,F,PRESTIGE,quot,185549,12.847738468428124,154617
SvB_BS_253,"Den som stannar, den som går",Elena Ferrante,F,OTHER,quot,189808,11.728860294117647,134462
SvB_BS_254,Top dogg,Jens Lapidus,M,CRIME,quot,311403,12.814857471926288,142921
SvB_BS_255,Törst,Jo Nesbø,M,CRIME,quot,451140,12.319276018099547,150871
SvB_BS_256,Never let me go,Kazuo Ishiguro,M,PRESTIGE,quot,247901,19.870539419087137,96587
SvB_BS_257,Det förlovade landet,Mari Jungstedt,F,CRIME,dash,214508,11.648527528809218,84822
SvB_BS_258,Selfies,Jussi Adler-Olsen,M,CRIME,quot,391884,19.018584936419956,148845
SvB_BS_259,Sommar på strandpromenaden,Jenny Colgan,F,ROMANCE,quot,328516,8.815489130434782,98750
SvB_BS_260,Jul i det lilla bageriet på strandpromenaden,Jenny Colgan,F,ROMANCE,quot,330910,9.589887640449438,72219
SvB_BS_261,Lazarus,Lars Kepler,2,CRIME,dash,220280,8.69748928352725,128954
SvB_BS_263,Bränn alla mina brev,Alex Schulman,M,OTHER,quot,149364,9.566709021601017,50407
SvB_BS_264,De som dödar drömmar sover aldrig,Jan Guillou,M,OTHER,quot,160313,13.025324675324676,125124
SvB_BS_265,En andra chans,Jojo Moyes,F,ROMANCE,quot,321484,13.042080654587961,138825
SvB_BS_266,Ett mörker mitt ibland oss,Mari Jungstedt,F,CRIME,dash,286276,12.193895870736085,71176
SvB_BS_267,I fel sällskap,Viveca Sten,F,CRIME,quot,265367,9.43151843084207,105096
SvB_BS_268,Syndabocken,Sofie Sarenbrant,F,CRIME,quot,239370,8.44942748091603,73986
SvB_BS_269,En högre rättvisa,"Hans Rosenfeldt, Michael Hjorth",M,CRIME,quot,199281,8.61911930748965,114918
SvB_BS_270,De vänsterhäntas förening,Håkan Nesser,M,CRIME,quot,328744,11.33688415446072,129493
SvB_BS_271,Tre timmar,Anders Roslund,M,CRIME,dash,277452,13.948158914728682,103762
SvB_BS_273,1793,Niklas Natt och Dag,M,CRIME,quot,352588,32.311730926989334,111711
SvB_BS_274,Den lilla bokhandeln runt hörnet,Jenny Colgan,F,ROMANCE,quot,301880,9.267800212539852,86667
SvB_BS_275,Silvervägen,Stina Jackson,F,CRIME,dash,239876,9.781982942430703,76502
SvB_BS_276,Bara ett barn,Malin Persson Giolito,F,CRIME,quot,273058,22.44302554027505,83671
SvB_BS_277,Ensam i Paris (och andra historier),Jojo Moyes,F,ROMANCE,quot,357710,11.225352112676056,71298
SvB_BS_278,Husdjuret,Camilla Grebe,F,CRIME,dash,202916,9.742395437262358,101017
SvB_BS_279,Den tyska flickan,Armando Lucas Correa,M,OTHER,quot,108522,11.350282485875706,92562
SvB_BS_280,Strandcaféet,Lucy Diamond,F,ROMANCE,quot,306681,9.560352690787473,102530
SvB_BS_281,Kvinnan i fönstret,A.J. Finn,M,CRIME,quot,247644,6.923278879813302,95835
SvB_BS_282,Blodlokan,Louise Boije af Gennäs,F,CRIME,quot,327988,9.722496299950667,120172
SvB_BS_283,Syndafloder,Kristina Ohlsson,F,CRIME,dash,295330,9.099015990159902,100193
SvB_BS_284,Höstdåd,Anders de la Motte,M,CRIME,quot,279840,11.98429669228199,128177
SvB_BS_285,Pappas pojke,Emelie Schepp,F,CRIME,dash,372952,7.494583241211585,90891
SvB_BS_286,Hon som måste dö,David Lagercrantz,M,CRIME,quot,315759,12.058153721024807,93904
SvB_BS_287,En bur av guld,Camilla Läckberg,F,CRIME,quot,250606,11.410610079575596,85828
SvB_BS_288,1794,Niklas Natt och Dag,M,CRIME,quot,324565,27.46767537826685,123051
SvB_BS_289,Den andra dödssynden,Jan Guillou,M,OTHER,quot,155524,11.560053085600531,112015
SvB_BS_290,Jag ser dig,Mari Jungstedt,F,CRIME,dash,291623,13.011251758087202,63445
SvB_BS_291,Kniv,Jo Nesbø,M,CRIME,quot,360835,12.652334720295885,151687
SvB_BS_292,Broder Jakob,Emelie Schepp,F,CRIME,dash,429593,9.15373993095512,92583
SvB_BS_293,Löparna,Olga Tokarczuk,F,PRESTIGE,dash,49290,11.65938864628821,108338
SvB_BS_294,Bergens stjärnor,Jojo Moyes,F,ROMANCE,quot,332964,14.064782908339076,122584
SvB_BS_295,Skamvrån,Sofie Sarenbrant,F,CRIME,quot,234066,8.641969831410826,83220
SvB_BS_296,Folk med ångest,Fredrik Backman,M,OTHER,quot,314891,13.817635270541082,87586
SvB_BS_297,I hemlighet begravd,Viveca Sten,F,CRIME,quot,241940,9.831441048034934,93056
SvB_BS_298,Hundraettåringen som tänkte att han tänkte för mycket,Jonas Jonasson,M,OTHER,dash,221185,11.324160704457897,93026
SvB_BS_299,Jamåhonleva,Anders Roslund,M,CRIME,dash,297015,13.412013862148633,117270
SvB_BS_301,En helt vanlig familj,Mattias Edvardsson,M,CRIME,quot,262726,8.737969574666252,107127
SvB_BS_302,Bokhandeln på Riverside Drive,Frida Skybäck,F,ROMANCE,quot,258131,10.499667110519308,122190
SvB_BS_303,Tatueraren i Auschwitz,Heather Morris,F,OTHER,quot,275882,10.230673316708229,59482
SvB_BS_304,Sommar på den lilla ön i havet,Jenny Colgan,F,ROMANCE,quot,284832,7.917979197622586,93543
SvB_BS_305,Det som göms i snö,Carin Gerhardsen,F,CRIME,dash,196327,11.286880100439422,91582
SvB_BS_306,Motiv X,Stefan Ahnhem,M,CRIME,quot,307249,14.727775856105154,138578
SvB_BS_308,På egen hand,Marian Keyes,M,ROMANCE,quot,339218,8.672609633357297,177815
SvB_BS_309,Spegelmannen,Lars Kepler,2,CRIME,dash,264889,9.019214703425229,122270
SvB_BS_310,Där kräftorna sjunger,Delia Owens,F,OTHER,quot,291159,17.227091633466134,103957
SvB_BS_311,Samlade verk,Lydia Sandgren,F,PRESTIGE,quot,173590,9.986274020464188,230515
SvB_BS_312,Vingar av silver,Camilla Läckberg,F,CRIME,quot,283562,13.388079470198676,71293
SvB_BS_313,Slutet på historien,Jan Guillou,M,OTHER,quot,149285,10.874206578188113,126235
SvB_BS_314,Överlevarna,Alex Schulman,M,OTHER,quot,144993,6.824472573839662,55775
SvB_BS_316,Mytomanen,Sofie Sarenbrant,F,CRIME,quot,321871,9.848527846754168,86255
SvB_BS_317,Vargasommar,Hans Rosenfeldt,M,CRIME,quot,157721,7.101881597062873,98116
SvB_BS_318,Renegater,Klas Östergren,M,PRESTIGE,quot,122417,11.115936409461032,234183
SvB_BS_319,Solsystern : Electras bok,Lucinda Riley,F,ROMANCE,quot,506801,14.955525770683563,242186
SvB_BS_320,Innan molnen kommer,Mari Jungstedt,F,CRIME,dash,225416,12.05271695052717,65927
SvB_BS_321,Jag ser allt du gör,Annika Norlin,F,PRESTIGE,quot,184166,9.389125799573561,47821
SvB_BS_323,Månsystern : Tiggys bok,Lucinda Riley,F,ROMANCE,quot,503204,14.205273603629147,199132
SvB_BS_324,Nio liv,Emelie Schepp,F,CRIME,dash,387426,8.520029673590505,88933
SvB_BS_325,Testamente,Nina Wähä,F,PRESTIGE,dash,70314,10.911642411642411,149288
SvB_BS_327,Tillbaka till den lilla ön i havet,Jenny Colgan,F,ROMANCE,quot,240942,8.340858623242044,93537
SvB_BS_328,Det sista livet,"Peter Mohlin, Peter Nyström",M,CRIME,quot,254123,12.319245546629409,138791
SvB_BS_329,Krokodilväktaren,Katrine Engberg,F,CRIME,quot,381004,20.536585365853657,92818
SvB_BS_330,Bokcirkeln vid världens ände,Frida Skybäck,F,ROMANCE,quot,294438,9.320224719101123,95786
SvB_BS_331,Råttkungen,Pascal Engman,M,CRIME,quot,229999,9.691076624636276,86883
SvB_BS_333,Det första chiffret,Denise Rudberg,F,OTHER,dash,397351,21.02734375,67736
SvB_BS_334,Julafton på den lilla ön i havet,Jenny Colgan,F,ROMANCE,quot,190404,7.653310104529616,69216
